hour2;workdayDE;Saturday;dt;temp.c;p.clouds
0;1;0;2014-04-01 00:00:00;5.89;0
1;1;0;2014-04-01 01:00:00;5.66;0
2;1;0;2014-04-01 02:00:00;3.98;0
3;1;0;2014-04-01 03:00:00;3.71;0
4;1;0;2014-04-01 04:00:00;4.5;0
5;1;0;2014-04-01 05:00:00;4.64;0
6;1;0;2014-04-01 06:00:00;4.76;0
7;1;0;2014-04-01 07:00:00;4.18;0
8;1;0;2014-04-01 08:00:00;4.35;0
9;1;0;2014-04-01 09:00:00;7.97;0
10;1;0;2014-04-01 10:00:00;11.09;0
11;1;0;2014-04-01 11:00:00;12.3;0
12;1;0;2014-04-01 12:00:00;13.91;0
13;1;0;2014-04-01 13:00:00;14.52;0
14;1;0;2014-04-01 14:00:00;15.46;0
15;1;0;2014-04-01 15:00:00;15.61;0
16;1;0;2014-04-01 16:00:00;15.75;0
17;1;0;2014-04-01 17:00:00;14.1;0
18;1;0;2014-04-01 18:00:00;12.41;0
19;1;0;2014-04-01 19:00:00;11.24;0
20;1;0;2014-04-01 20:00:00;10.28;0
21;1;0;2014-04-01 21:00:00;9.75;0
22;1;0;2014-04-01 22:00:00;9.19;0
23;1;0;2014-04-01 23:00:00;8.66;0
0;1;0;2014-04-02 00:00:00;8.36;0
1;1;0;2014-04-02 01:00:00;7.99;0
2;1;0;2014-04-02 02:00:00;7.75;0
3;1;0;2014-04-02 03:00:00;7.14;0
4;1;0;2014-04-02 04:00:00;6.87;0
5;1;0;2014-04-02 05:00:00;6.17;0
6;1;0;2014-04-02 06:00:00;5.74;0
7;1;0;2014-04-02 07:00:00;5.34;0
8;1;0;2014-04-02 08:00:00;6.4;0
9;1;0;2014-04-02 09:00:00;7.77;0
10;1;0;2014-04-02 10:00:00;9.32;0
11;1;0;2014-04-02 11:00:00;11.9;0
12;1;0;2014-04-02 12:00:00;13.92;0
13;1;0;2014-04-02 13:00:00;15.7;0
14;1;0;2014-04-02 14:00:00;17.22;0
15;1;0;2014-04-02 15:00:00;18.49;0
16;1;0;2014-04-02 16:00:00;18.94;0
17;1;0;2014-04-02 17:00:00;19.17;0
18;1;0;2014-04-02 18:00:00;18.56;0
19;1;0;2014-04-02 19:00:00;16.76;0
20;1;0;2014-04-02 20:00:00;15.77;0
21;1;0;2014-04-02 21:00:00;14.25;0
22;1;0;2014-04-02 22:00:00;13.22;0
23;1;0;2014-04-02 23:00:00;11.92;0
0;1;0;2014-04-03 00:00:00;11.3;0
1;1;0;2014-04-03 01:00:00;11.3;0
2;1;0;2014-04-03 02:00:00;9.29;0
3;1;0;2014-04-03 03:00:00;8.47;0
4;1;0;2014-04-03 04:00:00;7.69;0
5;1;0;2014-04-03 05:00:00;6.88;0
6;1;0;2014-04-03 06:00:00;6.66;0
7;1;0;2014-04-03 07:00:00;6.83;0
8;1;0;2014-04-03 08:00:00;7.5;0
9;1;0;2014-04-03 09:00:00;11.47;0
10;1;0;2014-04-03 10:00:00;14.22;0
11;1;0;2014-04-03 11:00:00;16.35;0
12;1;0;2014-04-03 12:00:00;18.51;0
13;1;0;2014-04-03 13:00:00;20.08;0
14;1;0;2014-04-03 14:00:00;20.72;0
15;1;0;2014-04-03 15:00:00;21.35;0
16;1;0;2014-04-03 16:00:00;21.79;0
17;1;0;2014-04-03 17:00:00;21.77;0
18;1;0;2014-04-03 18:00:00;20.25;0
19;1;0;2014-04-03 19:00:00;17.82;0
20;1;0;2014-04-03 20:00:00;15.06;0
21;1;0;2014-04-03 21:00:00;13.59;0
22;1;0;2014-04-03 22:00:00;13.56;0
23;1;0;2014-04-03 23:00:00;10.49;0
0;1;0;2014-04-04 00:00:00;9.47;0
1;1;0;2014-04-04 01:00:00;8.83;0
2;1;0;2014-04-04 02:00:00;8.7;0
3;1;0;2014-04-04 03:00:00;8.21;0
4;1;0;2014-04-04 04:00:00;8.07;0
5;1;0;2014-04-04 05:00:00;7.79;0
6;1;0;2014-04-04 06:00:00;7.34;0
7;1;0;2014-04-04 07:00:00;6.51;0
8;1;0;2014-04-04 08:00:00;6.36;0
9;1;0;2014-04-04 09:00:00;6.73;0
10;1;0;2014-04-04 10:00:00;7.88;0
11;1;0;2014-04-04 11:00:00;8.79;0
12;1;0;2014-04-04 12:00:00;10.04;0
13;1;0;2014-04-04 13:00:00;11.2;0
14;1;0;2014-04-04 14:00:00;12.63;0
15;1;0;2014-04-04 15:00:00;13.94;0
16;1;0;2014-04-04 16:00:00;14.25;0
17;1;0;2014-04-04 17:00:00;13.49;0
18;1;0;2014-04-04 18:00:00;13.17;0
19;1;0;2014-04-04 19:00:00;12.33;0
20;1;0;2014-04-04 20:00:00;12.18;0
21;1;0;2014-04-04 21:00:00;12;75
22;1;0;2014-04-04 22:00:00;11.3;0
23;1;0;2014-04-04 23:00:00;10.98;0
0;1;1;2014-04-05 00:00:00;10.28;0
1;1;1;2014-04-05 01:00:00;9.68;0
2;1;1;2014-04-05 02:00:00;9.37;0
3;1;1;2014-04-05 03:00:00;8.63;75
4;1;1;2014-04-05 04:00:00;8.19;0
5;1;1;2014-04-05 05:00:00;7.65;75
6;1;1;2014-04-05 06:00:00;7.45;0
7;1;1;2014-04-05 07:00:00;7.47;75
8;1;1;2014-04-05 08:00:00;7.48;0
9;1;1;2014-04-05 09:00:00;8.2;0
10;1;1;2014-04-05 10:00:00;8.63;75
11;1;1;2014-04-05 11:00:00;9.59;0
12;1;1;2014-04-05 12:00:00;10.4;75
13;1;1;2014-04-05 13:00:00;12.18;90
14;1;1;2014-04-05 14:00:00;13.09;75
15;1;1;2014-04-05 15:00:00;14.07;0
16;1;1;2014-04-05 16:00:00;14.39;0
17;1;1;2014-04-05 17:00:00;14.03;0
18;1;1;2014-04-05 18:00:00;12.97;0
19;1;1;2014-04-05 19:00:00;12.17;0
20;1;1;2014-04-05 20:00:00;11.34;0
21;1;1;2014-04-05 21:00:00;10.62;0
22;1;1;2014-04-05 22:00:00;9.97;0
23;1;1;2014-04-05 23:00:00;9.82;0
0;1;0;2014-04-06 00:00:00;9.57;75
1;1;0;2014-04-06 01:00:00;9.24;75
2;0;0;2014-04-06 02:00:00;9;75
3;0;0;2014-04-06 03:00:00;8.52;75
4;0;0;2014-04-06 04:00:00;8.52;75
5;0;0;2014-04-06 05:00:00;8.25;75
6;0;0;2014-04-06 06:00:00;8.4;75
7;0;0;2014-04-06 07:00:00;8.89;75
8;0;0;2014-04-06 08:00:00;9.26;75
9;0;0;2014-04-06 09:00:00;10.61;75
10;0;0;2014-04-06 10:00:00;11.28;75
11;0;0;2014-04-06 11:00:00;13.59;75
12;0;0;2014-04-06 12:00:00;14.97;75
13;0;0;2014-04-06 13:00:00;16.29;40
14;0;0;2014-04-06 14:00:00;17.49;20
15;0;0;2014-04-06 15:00:00;17.86;40
16;0;0;2014-04-06 16:00:00;18.45;40
17;0;0;2014-04-06 17:00:00;18.48;0
18;0;0;2014-04-06 18:00:00;17.82;0
19;0;0;2014-04-06 19:00:00;16.5;0
20;0;0;2014-04-06 20:00:00;14.08;0
21;0;0;2014-04-06 21:00:00;13.34;0
22;0;0;2014-04-06 22:00:00;12.14;0
23;0;0;2014-04-06 23:00:00;11.73;0
0;0;0;2014-04-07 00:00:00;12.24;0
1;0;0;2014-04-07 01:00:00;12.74;75
2;1;0;2014-04-07 02:00:00;12.31;0
3;1;0;2014-04-07 03:00:00;11.48;75
4;1;0;2014-04-07 04:00:00;11.58;75
5;1;0;2014-04-07 05:00:00;11.78;75
6;1;0;2014-04-07 06:00:00;11.57;75
7;1;0;2014-04-07 07:00:00;11.8;75
8;1;0;2014-04-07 08:00:00;12.2;75
9;1;0;2014-04-07 09:00:00;12.98;75
10;1;0;2014-04-07 10:00:00;15.28;0
11;1;0;2014-04-07 11:00:00;16.85;75
12;1;0;2014-04-07 12:00:00;17.88;75
13;1;0;2014-04-07 13:00:00;18.83;75
14;1;0;2014-04-07 14:00:00;19.03;75
15;1;0;2014-04-07 15:00:00;20.08;75
16;1;0;2014-04-07 16:00:00;20.05;75
17;1;0;2014-04-07 17:00:00;20.34;40
18;1;0;2014-04-07 18:00:00;19.8;75
19;1;0;2014-04-07 19:00:00;18.52;75
20;1;0;2014-04-07 20:00:00;17.62;0
21;1;0;2014-04-07 21:00:00;16.57;0
22;1;0;2014-04-07 22:00:00;15.45;0
23;1;0;2014-04-07 23:00:00;14.66;0
0;1;0;2014-04-08 00:00:00;13.82;0
1;1;0;2014-04-08 01:00:00;13.25;0
2;1;0;2014-04-08 02:00:00;13.38;0
3;1;0;2014-04-08 03:00:00;12.49;0
4;1;0;2014-04-08 04:00:00;12.64;0
5;1;0;2014-04-08 05:00:00;13.64;0
6;1;0;2014-04-08 06:00:00;13.76;0
7;1;0;2014-04-08 07:00:00;13.7;0
8;1;0;2014-04-08 08:00:00;14.45;0
9;1;0;2014-04-08 09:00:00;15.69;0
10;1;0;2014-04-08 10:00:00;16.96;0
11;1;0;2014-04-08 11:00:00;17.69;75
12;1;0;2014-04-08 12:00:00;16.74;40
13;1;0;2014-04-08 13:00:00;13.15;75
14;1;0;2014-04-08 14:00:00;14.39;75
15;1;0;2014-04-08 15:00:00;15.21;40
16;1;0;2014-04-08 16:00:00;16.27;40
17;1;0;2014-04-08 17:00:00;15.07;75
18;1;0;2014-04-08 18:00:00;12.87;75
19;1;0;2014-04-08 19:00:00;11.07;75
20;1;0;2014-04-08 20:00:00;10.68;75
21;1;0;2014-04-08 21:00:00;9.34;40
22;1;0;2014-04-08 22:00:00;8.9;75
23;1;0;2014-04-08 23:00:00;7.93;75
0;1;0;2014-04-09 00:00:00;7.33;75
1;1;0;2014-04-09 01:00:00;7.1;75
2;1;0;2014-04-09 02:00:00;6.63;75
3;1;0;2014-04-09 03:00:00;6.22;75
4;1;0;2014-04-09 04:00:00;6.41;75
5;1;0;2014-04-09 05:00:00;5.97;75
6;1;0;2014-04-09 06:00:00;6.16;75
7;1;0;2014-04-09 07:00:00;6.48;75
8;1;0;2014-04-09 08:00:00;6.98;75
9;1;0;2014-04-09 09:00:00;7.46;75
10;1;0;2014-04-09 10:00:00;8.58;75
11;1;0;2014-04-09 11:00:00;9.33;75
12;1;0;2014-04-09 12:00:00;9.86;75
13;1;0;2014-04-09 13:00:00;11.43;75
14;1;0;2014-04-09 14:00:00;11.67;75
15;1;0;2014-04-09 15:00:00;12.22;75
16;1;0;2014-04-09 16:00:00;10.07;40
17;1;0;2014-04-09 17:00:00;11.31;75
18;1;0;2014-04-09 18:00:00;11.29;40
19;1;0;2014-04-09 19:00:00;10.82;75
20;1;0;2014-04-09 20:00:00;10.64;75
21;1;0;2014-04-09 21:00:00;9.98;75
22;1;0;2014-04-09 22:00:00;9.55;75
23;1;0;2014-04-09 23:00:00;9.02;75
0;1;0;2014-04-10 00:00:00;8.35;40
1;1;0;2014-04-10 01:00:00;7.91;40
2;1;0;2014-04-10 02:00:00;7.46;0
3;1;0;2014-04-10 03:00:00;8.01;75
4;1;0;2014-04-10 04:00:00;8.03;75
5;1;0;2014-04-10 05:00:00;7.55;75
6;1;0;2014-04-10 06:00:00;7.14;75
7;1;0;2014-04-10 07:00:00;6.68;75
8;1;0;2014-04-10 08:00:00;6.45;75
9;1;0;2014-04-10 09:00:00;7.07;75
10;1;0;2014-04-10 10:00:00;7.64;75
11;1;0;2014-04-10 11:00:00;8.42;75
12;1;0;2014-04-10 12:00:00;9.05;75
13;1;0;2014-04-10 13:00:00;9.33;75
14;1;0;2014-04-10 14:00:00;9.82;75
15;1;0;2014-04-10 15:00:00;9.57;75
16;1;0;2014-04-10 16:00:00;9.58;75
17;1;0;2014-04-10 17:00:00;9.5;75
18;1;0;2014-04-10 18:00:00;9.45;75
19;1;0;2014-04-10 19:00:00;9.19;75
20;1;0;2014-04-10 20:00:00;8.75;75
21;1;0;2014-04-10 21:00:00;8.07;75
22;1;0;2014-04-10 22:00:00;8.09;75
23;1;0;2014-04-10 23:00:00;7.79;75
0;1;0;2014-04-11 00:00:00;7.21;40
1;1;0;2014-04-11 01:00:00;5.79;40
2;1;0;2014-04-11 02:00:00;5.13;75
3;1;0;2014-04-11 03:00:00;5.61;75
4;1;0;2014-04-11 04:00:00;5.78;75
5;1;0;2014-04-11 05:00:00;5.09;0
6;1;0;2014-04-11 06:00:00;5.03;75
7;1;0;2014-04-11 07:00:00;5.05;40
8;1;0;2014-04-11 08:00:00;7.18;75
9;1;0;2014-04-11 09:00:00;8.36;75
10;1;0;2014-04-11 10:00:00;10.03;75
11;1;0;2014-04-11 11:00:00;11.09;75
12;1;0;2014-04-11 12:00:00;11.61;75
13;1;0;2014-04-11 13:00:00;11.92;75
14;1;0;2014-04-11 14:00:00;12.66;75
15;1;0;2014-04-11 15:00:00;12.87;75
16;1;0;2014-04-11 16:00:00;13.19;75
17;1;0;2014-04-11 17:00:00;12.85;75
18;1;0;2014-04-11 18:00:00;12.58;90
19;1;0;2014-04-11 19:00:00;11.8;75
20;1;0;2014-04-11 20:00:00;11.02;90
21;1;0;2014-04-11 21:00:00;9.65;90
22;1;0;2014-04-11 22:00:00;9.57;75
23;1;0;2014-04-11 23:00:00;9.46;90
0;1;1;2014-04-12 00:00:00;9.14;75
1;1;1;2014-04-12 01:00:00;9.18;75
2;1;1;2014-04-12 02:00:00;9.09;75
3;1;1;2014-04-12 03:00:00;8.54;40
4;1;1;2014-04-12 04:00:00;8.31;90
5;1;1;2014-04-12 05:00:00;8.01;90
6;1;1;2014-04-12 06:00:00;7.82;90
7;1;1;2014-04-12 07:00:00;7.85;90
8;1;1;2014-04-12 08:00:00;7.74;90
9;1;1;2014-04-12 09:00:00;8.06;90
10;1;1;2014-04-12 10:00:00;9.06;75
11;1;1;2014-04-12 11:00:00;10.25;75
12;1;1;2014-04-12 12:00:00;13.71;75
13;1;1;2014-04-12 13:00:00;14.88;40
14;1;1;2014-04-12 14:00:00;15.32;75
15;1;1;2014-04-12 15:00:00;15.81;75
16;1;1;2014-04-12 16:00:00;15.65;75
17;1;1;2014-04-12 17:00:00;15.81;75
18;1;1;2014-04-12 18:00:00;15.58;0
19;1;1;2014-04-12 19:00:00;14.28;0
20;1;1;2014-04-12 20:00:00;12.86;0
21;1;1;2014-04-12 21:00:00;11.27;0
22;1;1;2014-04-12 22:00:00;10.5;0
23;1;1;2014-04-12 23:00:00;10.51;0
0;1;0;2014-04-13 00:00:00;10.36;0
1;1;0;2014-04-13 01:00:00;10.25;0
2;0;0;2014-04-13 02:00:00;9.82;90
3;0;0;2014-04-13 03:00:00;9.86;90
4;0;0;2014-04-13 04:00:00;9.13;90
5;0;0;2014-04-13 05:00:00;8.75;0
6;0;0;2014-04-13 06:00:00;8.7;0
7;0;0;2014-04-13 07:00:00;8.46;0
8;0;0;2014-04-13 08:00:00;9.84;20
9;0;0;2014-04-13 09:00:00;11.24;75
10;0;0;2014-04-13 10:00:00;12.61;75
11;0;0;2014-04-13 11:00:00;13.47;20
12;0;0;2014-04-13 12:00:00;13.27;40
13;0;0;2014-04-13 13:00:00;13.76;40
14;0;0;2014-04-13 14:00:00;14.21;20
15;0;0;2014-04-13 15:00:00;15.15;20
16;0;0;2014-04-13 16:00:00;14.98;75
17;0;0;2014-04-13 17:00:00;15.16;0
18;0;0;2014-04-13 18:00:00;14.43;0
19;0;0;2014-04-13 19:00:00;13.18;0
20;0;0;2014-04-13 20:00:00;12.39;0
21;0;0;2014-04-13 21:00:00;11.22;0
22;0;0;2014-04-13 22:00:00;11;0
23;0;0;2014-04-13 23:00:00;10.92;0
0;0;0;2014-04-14 00:00:00;9.34;75
1;0;0;2014-04-14 01:00:00;9.18;75
2;1;0;2014-04-14 02:00:00;8.69;75
3;1;0;2014-04-14 03:00:00;8.49;75
4;1;0;2014-04-14 04:00:00;8.78;75
5;1;0;2014-04-14 05:00:00;8.25;75
6;1;0;2014-04-14 06:00:00;8;75
7;1;0;2014-04-14 07:00:00;6.42;75
8;1;0;2014-04-14 08:00:00;6.34;75
9;1;0;2014-04-14 09:00:00;7;75
10;1;0;2014-04-14 10:00:00;8.23;75
11;1;0;2014-04-14 11:00:00;9.23;75
12;1;0;2014-04-14 12:00:00;9.21;75
13;1;0;2014-04-14 13:00:00;9.46;40
14;1;0;2014-04-14 14:00:00;10.56;20
15;1;0;2014-04-14 15:00:00;10.45;75
16;1;0;2014-04-14 16:00:00;9.07;75
17;1;0;2014-04-14 17:00:00;8.47;40
18;1;0;2014-04-14 18:00:00;8.03;75
19;1;0;2014-04-14 19:00:00;6.84;75
20;1;0;2014-04-14 20:00:00;6.68;40
21;1;0;2014-04-14 21:00:00;6.34;75
22;1;0;2014-04-14 22:00:00;5.49;20
23;1;0;2014-04-14 23:00:00;5.29;20
0;1;0;2014-04-15 00:00:00;4.67;0
1;1;0;2014-04-15 01:00:00;4.73;0
2;1;0;2014-04-15 02:00:00;5.21;75
3;1;0;2014-04-15 03:00:00;5.3;75
4;1;0;2014-04-15 04:00:00;5.02;75
5;1;0;2014-04-15 05:00:00;4.64;20
6;1;0;2014-04-15 06:00:00;4.3;40
7;1;0;2014-04-15 07:00:00;4.93;75
8;1;0;2014-04-15 08:00:00;5.36;75
9;1;0;2014-04-15 09:00:00;5.76;75
10;1;0;2014-04-15 10:00:00;7.57;40
11;1;0;2014-04-15 11:00:00;9.13;20
12;1;0;2014-04-15 12:00:00;8.5;0
13;1;0;2014-04-15 13:00:00;8.5;0
14;1;0;2014-04-15 14:00:00;10.73;40
15;1;0;2014-04-15 15:00:00;10.33;40
16;1;0;2014-04-15 16:00:00;10.36;75
17;1;0;2014-04-15 17:00:00;9.2;75
18;1;0;2014-04-15 18:00:00;8.81;75
19;1;0;2014-04-15 19:00:00;8.73;75
20;1;0;2014-04-15 20:00:00;8.2;40
21;1;0;2014-04-15 21:00:00;7.6;0
22;1;0;2014-04-15 22:00:00;7.19;40
23;1;0;2014-04-15 23:00:00;6.47;0
0;1;0;2014-04-16 00:00:00;5.49;0
1;1;0;2014-04-16 01:00:00;4.72;0
2;1;0;2014-04-16 02:00:00;4.15;0
3;1;0;2014-04-16 03:00:00;3.67;0
4;1;0;2014-04-16 04:00:00;3.19;0
5;1;0;2014-04-16 05:00:00;2.55;0
6;1;0;2014-04-16 06:00:00;1.34;0
7;1;0;2014-04-16 07:00:00;1.85;20
8;1;0;2014-04-16 08:00:00;4.76;0
9;1;0;2014-04-16 09:00:00;6.95;0
10;1;0;2014-04-16 10:00:00;9.18;0
11;1;0;2014-04-16 11:00:00;10.4;20
12;1;0;2014-04-16 12:00:00;11.89;0
13;1;0;2014-04-16 13:00:00;12.84;0
14;1;0;2014-04-16 14:00:00;12.63;0
15;1;0;2014-04-16 15:00:00;12.32;0
16;1;0;2014-04-16 16:00:00;13.17;0
17;1;0;2014-04-16 17:00:00;12.66;0
18;1;0;2014-04-16 18:00:00;12.32;0
19;1;0;2014-04-16 19:00:00;12.33;0
20;1;0;2014-04-16 20:00:00;10.36;0
21;1;0;2014-04-16 21:00:00;7.84;0
22;1;0;2014-04-16 22:00:00;6.41;0
23;1;0;2014-04-16 23:00:00;5.13;0
0;1;0;2014-04-17 00:00:00;4.46;0
1;1;0;2014-04-17 01:00:00;3.97;0
2;1;0;2014-04-17 02:00:00;2.86;0
3;1;0;2014-04-17 03:00:00;2.5;0
4;1;0;2014-04-17 04:00:00;0.55;0
5;1;0;2014-04-17 05:00:00;1.2;0
6;1;0;2014-04-17 06:00:00;-0.2;0
7;1;0;2014-04-17 07:00:00;1.66;0
8;1;0;2014-04-17 08:00:00;4.84;0
9;1;0;2014-04-17 09:00:00;7.33;0
10;1;0;2014-04-17 10:00:00;11.32;0
11;1;0;2014-04-17 11:00:00;12.29;0
12;1;0;2014-04-17 12:00:00;13.67;0
13;1;0;2014-04-17 13:00:00;13.69;0
14;1;0;2014-04-17 14:00:00;14.4;0
15;1;0;2014-04-17 15:00:00;14.34;0
16;1;0;2014-04-17 16:00:00;13.89;0
17;1;0;2014-04-17 17:00:00;13.7;0
18;1;0;2014-04-17 18:00:00;13.61;0
19;1;0;2014-04-17 19:00:00;13.17;0
20;1;0;2014-04-17 20:00:00;11.98;0
21;1;0;2014-04-17 21:00:00;9.98;0
22;1;0;2014-04-17 22:00:00;8.94;0
23;1;0;2014-04-17 23:00:00;8.75;0
0;0;0;2014-04-18 00:00:00;8.16;0
1;0;0;2014-04-18 01:00:00;7.71;0
2;0;0;2014-04-18 02:00:00;7.94;0
3;0;0;2014-04-18 03:00:00;8.21;0
4;0;0;2014-04-18 04:00:00;7.68;90
5;0;0;2014-04-18 05:00:00;7.73;90
6;0;0;2014-04-18 06:00:00;6.86;90
7;0;0;2014-04-18 07:00:00;6.34;75
8;0;0;2014-04-18 08:00:00;6.28;0
9;0;0;2014-04-18 09:00:00;7.13;75
10;0;0;2014-04-18 10:00:00;8.25;75
11;0;0;2014-04-18 11:00:00;8.49;75
12;0;0;2014-04-18 12:00:00;9.67;40
13;0;0;2014-04-18 13:00:00;9.63;40
14;0;0;2014-04-18 14:00:00;11.29;40
15;0;0;2014-04-18 15:00:00;11.62;20
16;0;0;2014-04-18 16:00:00;11.14;40
17;0;0;2014-04-18 17:00:00;11.3;40
18;0;0;2014-04-18 18:00:00;11.07;40
19;0;0;2014-04-18 19:00:00;10.83;40
20;0;0;2014-04-18 20:00:00;9.3;75
21;0;0;2014-04-18 21:00:00;8.3;40
22;0;0;2014-04-18 22:00:00;7.41;40
23;0;0;2014-04-18 23:00:00;6.76;0
0;1;1;2014-04-19 00:00:00;5.63;0
1;1;1;2014-04-19 01:00:00;5.11;0
2;1;1;2014-04-19 02:00:00;4.76;0
3;1;1;2014-04-19 03:00:00;4.47;0
4;1;1;2014-04-19 04:00:00;4.09;0
5;1;1;2014-04-19 05:00:00;3.88;0
6;1;1;2014-04-19 06:00:00;3.36;0
7;1;1;2014-04-19 07:00:00;3.66;20
8;1;1;2014-04-19 08:00:00;4.84;75
9;1;1;2014-04-19 09:00:00;5.9;0
10;1;1;2014-04-19 10:00:00;7.6;0
11;1;1;2014-04-19 11:00:00;10.7;0
12;1;1;2014-04-19 12:00:00;13.95;0
13;1;1;2014-04-19 13:00:00;17.08;0
14;1;1;2014-04-19 14:00:00;18.71;0
15;1;1;2014-04-19 15:00:00;19.72;0
16;1;1;2014-04-19 16:00:00;20.85;0
17;1;1;2014-04-19 17:00:00;20.91;0
18;1;1;2014-04-19 18:00:00;20.95;40
19;1;1;2014-04-19 19:00:00;20;0
20;1;1;2014-04-19 20:00:00;17.97;0
21;1;1;2014-04-19 21:00:00;16.78;0
22;1;1;2014-04-19 22:00:00;15.2;0
23;1;1;2014-04-19 23:00:00;14.28;0
0;1;0;2014-04-20 00:00:00;14.07;0
1;1;0;2014-04-20 01:00:00;13.75;0
2;0;0;2014-04-20 02:00:00;13.05;0
3;0;0;2014-04-20 03:00:00;12.58;0
4;0;0;2014-04-20 04:00:00;12.27;0
5;0;0;2014-04-20 05:00:00;11.59;0
6;0;0;2014-04-20 06:00:00;11.43;0
7;0;0;2014-04-20 07:00:00;11.8;0
8;0;0;2014-04-20 08:00:00;12.18;0
9;0;0;2014-04-20 09:00:00;12.18;0
10;0;0;2014-04-20 10:00:00;16.43;40
11;0;0;2014-04-20 11:00:00;16.75;40
12;0;0;2014-04-20 12:00:00;18.4;40
13;0;0;2014-04-20 13:00:00;19;40
14;0;0;2014-04-20 14:00:00;19.52;20
15;0;0;2014-04-20 15:00:00;19.5;40
16;0;0;2014-04-20 16:00:00;19.79;0
17;0;0;2014-04-20 17:00:00;19.79;0
18;0;0;2014-04-20 18:00:00;19.79;0
19;0;0;2014-04-20 19:00:00;19.79;0
20;0;0;2014-04-20 20:00:00;17.2;0
21;0;0;2014-04-20 21:00:00;16.81;0
22;0;0;2014-04-20 22:00:00;16.52;0
23;0;0;2014-04-20 23:00:00;15.83;0
0;0;0;2014-04-21 00:00:00;14;0
1;0;0;2014-04-21 01:00:00;12.27;75
2;0;0;2014-04-21 02:00:00;12.25;75
3;0;0;2014-04-21 03:00:00;11.94;75
4;0;0;2014-04-21 04:00:00;11.65;75
5;0;0;2014-04-21 05:00:00;11.49;75
6;0;0;2014-04-21 06:00:00;11.36;75
7;0;0;2014-04-21 07:00:00;11.34;75
8;0;0;2014-04-21 08:00:00;12.04;40
9;0;0;2014-04-21 09:00:00;13.2;75
10;0;0;2014-04-21 10:00:00;14.11;75
11;0;0;2014-04-21 11:00:00;14.32;75
12;0;0;2014-04-21 12:00:00;16.19;40
13;0;0;2014-04-21 13:00:00;16.66;75
14;0;0;2014-04-21 14:00:00;17.97;75
15;0;0;2014-04-21 15:00:00;18.23;40
16;0;0;2014-04-21 16:00:00;18.08;40
17;0;0;2014-04-21 17:00:00;16.02;40
18;0;0;2014-04-21 18:00:00;16.35;40
19;0;0;2014-04-21 19:00:00;15.22;75
20;0;0;2014-04-21 20:00:00;14.53;75
21;0;0;2014-04-21 21:00:00;13.48;0
22;0;0;2014-04-21 22:00:00;13.22;0
23;0;0;2014-04-21 23:00:00;13.48;0
0;1;0;2014-04-22 00:00:00;13.04;75
1;1;0;2014-04-22 01:00:00;12.72;75
2;1;0;2014-04-22 02:00:00;12.09;75
3;1;0;2014-04-22 03:00:00;11.68;0
4;1;0;2014-04-22 04:00:00;11.22;0
5;1;0;2014-04-22 05:00:00;10.68;0
6;1;0;2014-04-22 06:00:00;10.46;0
7;1;0;2014-04-22 07:00:00;10.95;0
8;1;0;2014-04-22 08:00:00;11.98;0
9;1;0;2014-04-22 09:00:00;14.81;0
10;1;0;2014-04-22 10:00:00;16.98;0
11;1;0;2014-04-22 11:00:00;18.81;75
12;1;0;2014-04-22 12:00:00;19.74;75
13;1;0;2014-04-22 13:00:00;20.22;75
14;1;0;2014-04-22 14:00:00;20.05;75
15;1;0;2014-04-22 15:00:00;20.16;75
16;1;0;2014-04-22 16:00:00;19.46;75
17;1;0;2014-04-22 17:00:00;18.71;75
18;1;0;2014-04-22 18:00:00;18.92;75
19;1;0;2014-04-22 19:00:00;18.59;75
20;1;0;2014-04-22 20:00:00;17.5;75
21;1;0;2014-04-22 21:00:00;15.86;75
22;1;0;2014-04-22 22:00:00;14.43;75
23;1;0;2014-04-22 23:00:00;13.95;0
0;1;0;2014-04-23 00:00:00;13.6;75
1;1;0;2014-04-23 01:00:00;13.14;75
2;1;0;2014-04-23 02:00:00;12.47;75
3;1;0;2014-04-23 03:00:00;12.69;0
4;1;0;2014-04-23 04:00:00;12.05;0
5;1;0;2014-04-23 05:00:00;11.85;0
6;1;0;2014-04-23 06:00:00;10.97;0
7;1;0;2014-04-23 07:00:00;9.58;0
8;1;0;2014-04-23 08:00:00;11.53;0
9;1;0;2014-04-23 09:00:00;12.48;0
10;1;0;2014-04-23 10:00:00;15.33;0
11;1;0;2014-04-23 11:00:00;18.13;40
12;1;0;2014-04-23 12:00:00;19.18;40
13;1;0;2014-04-23 13:00:00;20.05;40
14;1;0;2014-04-23 14:00:00;20.32;40
15;1;0;2014-04-23 15:00:00;20.48;75
16;1;0;2014-04-23 16:00:00;21.06;75
17;1;0;2014-04-23 17:00:00;19.76;75
18;1;0;2014-04-23 18:00:00;18.87;75
19;1;0;2014-04-23 19:00:00;17.66;75
20;1;0;2014-04-23 20:00:00;16.86;75
21;1;0;2014-04-23 21:00:00;15.9;75
22;1;0;2014-04-23 22:00:00;14.56;0
23;1;0;2014-04-23 23:00:00;13.8;75
0;1;0;2014-04-24 00:00:00;12.76;20
1;1;0;2014-04-24 01:00:00;11.66;40
2;1;0;2014-04-24 02:00:00;10.78;75
3;1;0;2014-04-24 03:00:00;9.87;75
4;1;0;2014-04-24 04:00:00;9.22;90
5;1;0;2014-04-24 05:00:00;9.06;90
6;1;0;2014-04-24 06:00:00;9.29;90
7;1;0;2014-04-24 07:00:00;9.66;90
8;1;0;2014-04-24 08:00:00;10.03;90
9;1;0;2014-04-24 09:00:00;10.71;90
10;1;0;2014-04-24 10:00:00;11.63;90
11;1;0;2014-04-24 11:00:00;12.94;90
12;1;0;2014-04-24 12:00:00;13.99;90
13;1;0;2014-04-24 13:00:00;15.31;90
14;1;0;2014-04-24 14:00:00;16.67;90
15;1;0;2014-04-24 15:00:00;17.86;75
16;1;0;2014-04-24 16:00:00;18.3;40
17;1;0;2014-04-24 17:00:00;18.85;40
18;1;0;2014-04-24 18:00:00;18.76;40
19;1;0;2014-04-24 19:00:00;18.23;20
20;1;0;2014-04-24 20:00:00;16.92;40
21;1;0;2014-04-24 21:00:00;15.54;40
22;1;0;2014-04-24 22:00:00;14.15;20
23;1;0;2014-04-24 23:00:00;12.94;0
0;1;0;2014-04-25 00:00:00;12.85;0
1;1;0;2014-04-25 01:00:00;12.39;0
2;1;0;2014-04-25 02:00:00;12.23;0
3;1;0;2014-04-25 03:00:00;11.55;0
4;1;0;2014-04-25 04:00:00;10.98;0
5;1;0;2014-04-25 05:00:00;10.8;0
6;1;0;2014-04-25 06:00:00;11.08;0
7;1;0;2014-04-25 07:00:00;12.13;0
8;1;0;2014-04-25 08:00:00;14.22;0
9;1;0;2014-04-25 09:00:00;15.95;0
10;1;0;2014-04-25 10:00:00;17.89;0
11;1;0;2014-04-25 11:00:00;19.62;0
12;1;0;2014-04-25 12:00:00;20.9;0
13;1;0;2014-04-25 13:00:00;21.32;0
14;1;0;2014-04-25 14:00:00;22.3;0
15;1;0;2014-04-25 15:00:00;22.37;0
16;1;0;2014-04-25 16:00:00;22.14;0
17;1;0;2014-04-25 17:00:00;21.75;0
18;1;0;2014-04-25 18:00:00;21.62;0
19;1;0;2014-04-25 19:00:00;20.72;0
20;1;0;2014-04-25 20:00:00;19.32;0
21;1;0;2014-04-25 21:00:00;17.89;0
22;1;0;2014-04-25 22:00:00;16.11;0
23;1;0;2014-04-25 23:00:00;14.62;0
0;1;1;2014-04-26 00:00:00;13.76;0
1;1;1;2014-04-26 01:00:00;13.02;0
2;1;1;2014-04-26 02:00:00;12.35;0
3;1;1;2014-04-26 03:00:00;11.69;0
4;1;1;2014-04-26 04:00:00;10.94;0
5;1;1;2014-04-26 05:00:00;10.23;20
6;1;1;2014-04-26 06:00:00;10.15;0
7;1;1;2014-04-26 07:00:00;10.87;0
8;1;1;2014-04-26 08:00:00;12.95;0
9;1;1;2014-04-26 09:00:00;16.49;0
10;1;1;2014-04-26 10:00:00;18.46;0
11;1;1;2014-04-26 11:00:00;20.14;20
12;1;1;2014-04-26 12:00:00;21.07;75
13;1;1;2014-04-26 13:00:00;21.68;75
14;1;1;2014-04-26 14:00:00;22.03;40
15;1;1;2014-04-26 15:00:00;21.58;0
16;1;1;2014-04-26 16:00:00;21.11;0
17;1;1;2014-04-26 17:00:00;20.96;0
18;1;1;2014-04-26 18:00:00;20.43;40
19;1;1;2014-04-26 19:00:00;19.65;75
20;1;1;2014-04-26 20:00:00;18.1;75
21;1;1;2014-04-26 21:00:00;17.03;0
22;1;1;2014-04-26 22:00:00;16.15;0
23;1;1;2014-04-26 23:00:00;15.25;0
0;1;0;2014-04-27 00:00:00;14.41;0
1;1;0;2014-04-27 01:00:00;13.77;0
2;0;0;2014-04-27 02:00:00;13.29;0
3;0;0;2014-04-27 03:00:00;12.53;0
4;0;0;2014-04-27 04:00:00;12.02;0
5;0;0;2014-04-27 05:00:00;11.61;0
6;0;0;2014-04-27 06:00:00;11.53;75
7;0;0;2014-04-27 07:00:00;11.62;75
8;0;0;2014-04-27 08:00:00;12.32;75
9;0;0;2014-04-27 09:00:00;13.09;75
10;0;0;2014-04-27 10:00:00;14.53;40
11;0;0;2014-04-27 11:00:00;16.06;40
12;0;0;2014-04-27 12:00:00;16.8;40
13;0;0;2014-04-27 13:00:00;17.29;75
14;0;0;2014-04-27 14:00:00;17.33;40
15;0;0;2014-04-27 15:00:00;17.87;40
16;0;0;2014-04-27 16:00:00;18.65;20
17;0;0;2014-04-27 17:00:00;18.51;75
18;0;0;2014-04-27 18:00:00;18.05;40
19;0;0;2014-04-27 19:00:00;17.28;75
20;0;0;2014-04-27 20:00:00;16.09;75
21;0;0;2014-04-27 21:00:00;14.72;75
22;0;0;2014-04-27 22:00:00;13.71;75
23;0;0;2014-04-27 23:00:00;12.67;40
0;0;0;2014-04-28 00:00:00;12.63;40
1;0;0;2014-04-28 01:00:00;12.13;75
2;1;0;2014-04-28 02:00:00;12.46;75
3;1;0;2014-04-28 03:00:00;11.84;75
4;1;0;2014-04-28 04:00:00;11.19;75
5;1;0;2014-04-28 05:00:00;11.15;75
6;1;0;2014-04-28 06:00:00;11.3;75
7;1;0;2014-04-28 07:00:00;11.44;20
8;1;0;2014-04-28 08:00:00;12.71;20
9;1;0;2014-04-28 09:00:00;14.58;20
10;1;0;2014-04-28 10:00:00;16.49;20
11;1;0;2014-04-28 11:00:00;17.49;20
12;1;0;2014-04-28 12:00:00;18.35;0
13;1;0;2014-04-28 13:00:00;19.65;0
14;1;0;2014-04-28 14:00:00;19.89;0
15;1;0;2014-04-28 15:00:00;20.64;0
16;1;0;2014-04-28 16:00:00;21.02;0
17;1;0;2014-04-28 17:00:00;21.04;0
18;1;0;2014-04-28 18:00:00;20.52;0
19;1;0;2014-04-28 19:00:00;19.96;0
20;1;0;2014-04-28 20:00:00;18.65;0
21;1;0;2014-04-28 21:00:00;16.27;0
22;1;0;2014-04-28 22:00:00;13.92;0
23;1;0;2014-04-28 23:00:00;13.05;0
0;1;0;2014-04-29 00:00:00;12.15;0
1;1;0;2014-04-29 01:00:00;11.28;0
2;1;0;2014-04-29 02:00:00;10.12;0
3;1;0;2014-04-29 03:00:00;9.17;0
4;1;0;2014-04-29 04:00:00;8.45;0
5;1;0;2014-04-29 05:00:00;8.04;0
6;1;0;2014-04-29 06:00:00;8.17;0
7;1;0;2014-04-29 07:00:00;9.67;0
8;1;0;2014-04-29 08:00:00;12.19;0
9;1;0;2014-04-29 09:00:00;16.01;20
10;1;0;2014-04-29 10:00:00;18.67;0
11;1;0;2014-04-29 11:00:00;19.52;0
12;1;0;2014-04-29 12:00:00;20.57;0
13;1;0;2014-04-29 13:00:00;20.75;0
14;1;0;2014-04-29 14:00:00;21.54;0
15;1;0;2014-04-29 15:00:00;22.18;0
