hour2;workdayDE;Saturday;dt;temp.c;wind;rain;p.clouds;n.visits
1;0;0;2014-01-01 01:00:00;0.03;3.6;0;0;0
2;0;0;2014-01-01 02:00:00;-0.53;4;0;88;0
3;0;0;2014-01-01 03:00:00;-0.54;2.3;0;88;0
4;0;0;2014-01-01 04:00:00;-0.57;1.9;0;88;0
5;0;0;2014-01-01 05:00:00;-0.76;3.1;0;88;0
6;0;0;2014-01-01 06:00:00;-0.7;2.9;0;88;0
7;0;0;2014-01-01 07:00:00;-0.77;2.8;0;88;0
8;0;0;2014-01-01 08:00:00;-0.73;1.8;0;88;0
9;0;0;2014-01-01 09:00:00;0.02;2.3;0;88;0
10;0;0;2014-01-01 10:00:00;0.85;3.1;0;0;0
11;0;0;2014-01-01 11:00:00;1.52;2.6;0;0;0
12;0;0;2014-01-01 12:00:00;2.39;3.1;0.25;0;0
13;0;0;2014-01-01 13:00:00;3.41;2.6;0;0;0
14;0;0;2014-01-01 14:00:00;4.2;3.1;0;75;0
15;0;0;2014-01-01 15:00:00;3.96;3.1;0;75;0
16;0;0;2014-01-01 16:00:00;3.74;2.6;0;75;0
17;0;0;2014-01-01 17:00:00;3.32;2.6;0;75;0
18;0;0;2014-01-01 18:00:00;2.95;2.6;0;75;0
19;0;0;2014-01-01 19:00:00;2.42;3.1;0;75;0
20;0;0;2014-01-01 20:00:00;1.43;3.1;0;20;0
21;0;0;2014-01-01 21:00:00;1.48;3.4;0;88;0
22;0;0;2014-01-01 22:00:00;1.42;3.2;0;88;0
23;0;0;2014-01-01 23:00:00;1.07;2.2;0;88;0
0;1;0;2014-01-02 00:00:00;1.39;3.5;0;88;0
1;1;0;2014-01-02 01:00:00;1.09;4.1;0;88;0
2;1;0;2014-01-02 02:00:00;0.85;3.6;0;88;0
3;1;0;2014-01-02 03:00:00;1.11;3.4;0;88;0
4;1;0;2014-01-02 04:00:00;1.11;3.4;0;88;0
5;1;0;2014-01-02 05:00:00;15.543;6.16;0;88;0
6;1;0;2014-01-02 06:00:00;2.45;3.6;0;0;0
7;1;0;2014-01-02 07:00:00;2.45;3.6;0;0;0
8;1;0;2014-01-02 08:00:00;2.68;3.6;0;0;0
9;1;0;2014-01-02 09:00:00;3.07;4.1;0;88;8
10;1;0;2014-01-02 10:00:00;3.39;4.6;0;0;26
11;1;0;2014-01-02 11:00:00;3.69;3.6;0;75;66
12;1;0;2014-01-02 12:00:00;4.33;3.6;0.1;0;59
13;1;0;2014-01-02 13:00:00;4.99;3.6;0;0;79
14;1;0;2014-01-02 14:00:00;5.51;4.6;0;0;71
15;1;0;2014-01-02 15:00:00;6.03;4.4;0;88;80
16;1;0;2014-01-02 16:00:00;6;4.6;0;0;94
17;1;0;2014-01-02 17:00:00;5.53;5.1;0.25;75;91
18;1;0;2014-01-02 18:00:00;5.37;3.1;0.2;88;71
19;1;0;2014-01-02 19:00:00;5.49;3.6;0;0;67
20;1;0;2014-01-02 20:00:00;5.67;4.1;0;0;10
21;1;0;2014-01-02 21:00:00;6.42;3.1;0;90;0
22;1;0;2014-01-02 22:00:00;6.65;3.6;0;90;0
23;1;0;2014-01-02 23:00:00;6.34;2.6;0;75;0
0;1;0;2014-01-03 00:00:00;5.25;1.7;0;88;0
1;1;0;2014-01-03 01:00:00;5.25;1.7;0;88;0
2;1;0;2014-01-03 02:00:00;4.22;2.1;0;20;0
3;1;0;2014-01-03 03:00:00;4.19;1.5;0;0;0
4;1;0;2014-01-03 04:00:00;4.19;1.5;0;0;0
5;1;0;2014-01-03 05:00:00;3.16;2.1;0;20;0
6;1;0;2014-01-03 06:00:00;2.7;2.9;0;88;0
7;1;0;2014-01-03 07:00:00;2.58;3.4;0;88;0
8;1;0;2014-01-03 08:00:00;3.06;3.2;0;88;0
9;1;0;2014-01-03 09:00:00;4.59;4.1;0;0;4
10;1;0;2014-01-03 10:00:00;4.59;4.1;0;0;16
11;1;0;2014-01-03 11:00:00;7.07;5.1;0;0;55
12;1;0;2014-01-03 12:00:00;8.5;5.1;0;0;57
13;1;0;2014-01-03 13:00:00;8.86;5.1;0;0;79
14;1;0;2014-01-03 14:00:00;8.86;5.1;0;0;66
15;1;0;2014-01-03 15:00:00;8.46;5.7;0;0;76
16;1;0;2014-01-03 16:00:00;8.36;5.7;0;0;95
17;1;0;2014-01-03 17:00:00;7.91;5.7;0;75;91
18;1;0;2014-01-03 18:00:00;8.23;4.6;0;90;68
19;1;0;2014-01-03 19:00:00;8.23;4.6;0;90;47
20;1;0;2014-01-03 20:00:00;8.07;5.7;0;0;22
21;1;0;2014-01-03 21:00:00;7.75;4.1;0;0;0
22;1;0;2014-01-03 22:00:00;7.52;4.1;0;0;0
23;1;0;2014-01-03 23:00:00;7.72;4.6;0;88;0
0;1;1;2014-01-04 00:00:00;7.72;4.6;0;88;0
1;1;1;2014-01-04 01:00:00;8.27;6.7;0;75;0
2;1;1;2014-01-04 02:00:00;6.71;3.6;0;0;0
3;1;1;2014-01-04 03:00:00;6.51;3.6;0;0;0
4;1;1;2014-01-04 04:00:00;5.8;3.6;0;0;0
5;1;1;2014-01-04 05:00:00;5.8;3.6;0;0;0
6;1;1;2014-01-04 06:00:00;5.45;3.6;0;0;0
7;1;1;2014-01-04 07:00:00;4.92;4.6;0;0;0
8;1;1;2014-01-04 08:00:00;4.58;4.1;0;0;0
9;1;1;2014-01-04 09:00:00;4.95;3.6;0;0;3
10;1;1;2014-01-04 10:00:00;5.71;2.6;0;88;27
11;1;1;2014-01-04 11:00:00;7.69;3.6;0;0;50
12;1;1;2014-01-04 12:00:00;8.39;2.6;0;0;55
13;1;1;2014-01-04 13:00:00;8.39;2.6;0;0;73
14;1;1;2014-01-04 14:00:00;8.42;2.6;0;0;92
15;1;1;2014-01-04 15:00:00;8.15;3.1;0;0;82
16;1;1;2014-01-04 16:00:00;7.42;4.1;0;0;100
17;1;1;2014-01-04 17:00:00;5.87;5.1;0;0;101
18;1;1;2014-01-04 18:00:00;5.23;4.1;0;0;79
19;1;1;2014-01-04 19:00:00;5.23;4.1;0;0;68
20;1;1;2014-01-04 20:00:00;5.78;4.6;0;0;23
21;1;1;2014-01-04 21:00:00;5.78;4.6;0;0;0
22;1;1;2014-01-04 22:00:00;6.22;4.1;0;0;0
23;1;1;2014-01-04 23:00:00;6.77;3.1;0;75;0
0;1;0;2014-01-05 00:00:00;6.86;3.1;0;75;0
1;0;0;2014-01-05 01:00:00;6.62;3.6;0;75;0
2;0;0;2014-01-05 02:00:00;6.26;3.1;0;75;0
3;0;0;2014-01-05 03:00:00;6.26;3.1;0;75;0
4;0;0;2014-01-05 04:00:00;5.3;2.6;0;75;0
5;0;0;2014-01-05 05:00:00;4.41;2.6;0;0;0
6;0;0;2014-01-05 06:00:00;2.8;0.5;0;0;0
7;0;0;2014-01-05 07:00:00;3.4;2.6;0;75;0
8;0;0;2014-01-05 08:00:00;3.4;2.6;0;75;0
9;0;0;2014-01-05 09:00:00;4.22;1.5;0;75;0
10;0;0;2014-01-05 10:00:00;5.29;2.1;0;75;0
11;0;0;2014-01-05 11:00:00;6.94;5.1;0;75;0
12;0;0;2014-01-05 12:00:00;7.31;4.6;0;75;0
13;0;0;2014-01-05 13:00:00;7.31;4.6;0;75;0
14;0;0;2014-01-05 14:00:00;7.23;4.6;0;75;0
15;0;0;2014-01-05 15:00:00;7.23;4.6;0;75;0
16;0;0;2014-01-05 16:00:00;7.12;4.6;0.1;75;0
17;0;0;2014-01-05 17:00:00;6.09;4.6;0.2;75;0
18;0;0;2014-01-05 18:00:00;6.09;4.6;0.2;75;0
19;0;0;2014-01-05 19:00:00;4.32;3.1;0;20;0
20;0;0;2014-01-05 20:00:00;2.98;3.1;0;0;0
21;0;0;2014-01-05 21:00:00;2.98;3.1;0;0;0
22;0;0;2014-01-05 22:00:00;2.64;1.5;0;0;0
23;0;0;2014-01-05 23:00:00;2.64;1.5;0;0;0
0;0;0;2014-01-06 00:00:00;1.49;2.1;0;0;0
1;1;0;2014-01-06 01:00:00;1.19;2.1;0;0;0
2;1;0;2014-01-06 02:00:00;1.47;3.6;0;0;0
3;1;0;2014-01-06 03:00:00;1.47;3.6;0;0;0
4;1;0;2014-01-06 04:00:00;0.95;3.6;0;0;0
5;1;0;2014-01-06 05:00:00;1.08;3.1;0;0;0
6;1;0;2014-01-06 06:00:00;1.45;5.7;0;0;0
7;1;0;2014-01-06 07:00:00;1.45;5.7;0;0;0
8;1;0;2014-01-06 08:00:00;1.78;4.6;0;0;0
9;1;0;2014-01-06 09:00:00;2.44;5.1;0;0;6
10;1;0;2014-01-06 10:00:00;4.15;5.7;0;0;21
11;1;0;2014-01-06 11:00:00;5.5;6.2;0.25;0;34
12;1;0;2014-01-06 12:00:00;6.41;4.6;0;88;57
13;1;0;2014-01-06 13:00:00;6.97;5.1;0;75;63
14;1;0;2014-01-06 14:00:00;6.97;5.1;0;75;56
15;1;0;2014-01-06 15:00:00;7.46;4.1;0;75;45
16;1;0;2014-01-06 16:00:00;7.14;3.6;0.51;75;46
17;1;0;2014-01-06 17:00:00;6.41;4.1;0.68;75;56
18;1;0;2014-01-06 18:00:00;6.41;4.1;0.68;75;44
19;1;0;2014-01-06 19:00:00;6.73;4.1;0;0;30
20;1;0;2014-01-06 20:00:00;6.73;4.1;0;0;6
21;1;0;2014-01-06 21:00:00;6.89;4.1;0;0;0
22;1;0;2014-01-06 22:00:00;7.84;2.6;0;88;0
23;1;0;2014-01-06 23:00:00;7.84;2.6;0;88;0
0;1;0;2014-01-07 00:00:00;7.61;3.6;1.27;90;0
1;1;0;2014-01-07 01:00:00;8.24;6.7;2.95;90;0
2;1;0;2014-01-07 02:00:00;8.61;6.7;1.02;90;0
3;1;0;2014-01-07 03:00:00;8.69;6.2;1.36;90;0
4;1;0;2014-01-07 04:00:00;8.69;6.2;1.36;90;0
5;1;0;2014-01-07 05:00:00;8.06;5.1;0.4;75;0
6;1;0;2014-01-07 06:00:00;8.06;5.1;0.4;75;0
7;1;0;2014-01-07 07:00:00;7.51;3.6;0;20;0
8;1;0;2014-01-07 08:00:00;7.51;3.6;0;20;0
9;1;0;2014-01-07 09:00:00;8.64;5.7;0;0;4
10;1;0;2014-01-07 10:00:00;8.64;5.7;0;0;8
11;1;0;2014-01-07 11:00:00;10.5;6.2;0;0;25
12;1;0;2014-01-07 12:00:00;11.19;7.2;0;0;53
13;1;0;2014-01-07 13:00:00;11.19;7.2;0;0;38
14;1;0;2014-01-07 14:00:00;11.14;5.1;0;0;37
15;1;0;2014-01-07 15:00:00;10.96;5.7;0;0;41
16;1;0;2014-01-07 16:00:00;9.62;4.1;0;0;36
17;1;0;2014-01-07 17:00:00;8.58;3.1;0;0;50
18;1;0;2014-01-07 18:00:00;8.34;3.6;0;0;55
19;1;0;2014-01-07 19:00:00;7.76;4.1;0;0;25
20;1;0;2014-01-07 20:00:00;7.72;3.6;0;0;9
21;1;0;2014-01-07 21:00:00;8.05;2.7;0;88;0
22;1;0;2014-01-07 22:00:00;8.28;6.16;0;88;0
23;1;0;2014-01-07 23:00:00;7.97;6.16;0;88;0
0;1;0;2014-01-08 00:00:00;9.08;3.6;0;88;0
1;1;0;2014-01-08 01:00:00;8.59;6.16;0.51;88;0
2;1;0;2014-01-08 02:00:00;8.27;3.4;0.62;88;0
3;1;0;2014-01-08 03:00:00;8.27;3.4;0.62;88;0
4;1;0;2014-01-08 04:00:00;8.29;1.03;0.8;88;0
5;1;0;2014-01-08 05:00:00;7.69;6.16;0;88;0
6;1;0;2014-01-08 06:00:00;7.16;6.16;0;88;0
7;1;0;2014-01-08 07:00:00;7.13;1.5;0.25;88;0
8;1;0;2014-01-08 08:00:00;7.68;3;0.25;88;0
9;1;0;2014-01-08 09:00:00;8.47;6.2;1.02;88;4
10;1;0;2014-01-08 10:00:00;9.17;6.16;0;88;16
11;1;0;2014-01-08 11:00:00;10.04;3.6;0;88;21
12;1;0;2014-01-08 12:00:00;10.4;3.6;0.76;88;32
13;1;0;2014-01-08 13:00:00;10.41;4.11;0.28;88;38
14;1;0;2014-01-08 14:00:00;10.05;4.11;0.25;88;35
15;1;0;2014-01-08 15:00:00;9.69;2.57;0;88;38
16;1;0;2014-01-08 16:00:00;9.13;2.06;0;88;46
17;1;0;2014-01-08 17:00:00;7.83;2.06;0;88;55
18;1;0;2014-01-08 18:00:00;6.91;5.1;0;88;38
19;1;0;2014-01-08 19:00:00;6.01;1.54;0;88;29
20;1;0;2014-01-08 20:00:00;6.01;1.54;0;88;3
21;1;0;2014-01-08 21:00:00;6.1;2.6;2.33;75;0
22;1;0;2014-01-08 22:00:00;6.43;1.54;0.51;88;0
23;1;0;2014-01-08 23:00:00;5.38;1.54;0;88;0
0;1;0;2014-01-09 00:00:00;4.5;1.5;0;0;0
1;1;0;2014-01-09 01:00:00;4.49;6.16;0;88;0
2;1;0;2014-01-09 02:00:00;4.49;6.16;0;88;0
3;1;0;2014-01-09 03:00:00;4.07;1.3;0;88;0
4;1;0;2014-01-09 04:00:00;4.49;1.4;0;88;0
5;1;0;2014-01-09 05:00:00;4.41;1.9;0;88;0
6;1;0;2014-01-09 06:00:00;3.87;2.1;0;0;0
7;1;0;2014-01-09 07:00:00;4.66;3.4;0;88;0
8;1;0;2014-01-09 08:00:00;4.78;4.6;0;0;1
9;1;0;2014-01-09 09:00:00;5.92;4.6;0;0;4
10;1;0;2014-01-09 10:00:00;7.1;4.1;0;75;19
11;1;0;2014-01-09 11:00:00;8.72;3.1;0.3;75;24
12;1;0;2014-01-09 12:00:00;9.82;3.2;0.2;88;32
13;1;0;2014-01-09 13:00:00;10.35;5.4;0;88;40
14;1;0;2014-01-09 14:00:00;11.11;8.1;0;88;39
15;1;0;2014-01-09 15:00:00;11.55;7.8;0;88;42
16;1;0;2014-01-09 16:00:00;11.64;5.4;0.25;88;56
17;1;0;2014-01-09 17:00:00;11.87;6.7;0;0;38
18;1;0;2014-01-09 18:00:00;11.85;7.2;0;75;50
19;1;0;2014-01-09 19:00:00;11.59;9.3;0;0;25
20;1;0;2014-01-09 20:00:00;10.25;9.3;0.25;75;4
21;1;0;2014-01-09 21:00:00;10.01;6.7;0.28;75;0
22;1;0;2014-01-09 22:00:00;9.08;10.3;0.25;75;0
23;1;0;2014-01-09 23:00:00;8.76;10.3;0.2;75;0
0;1;0;2014-01-10 00:00:00;8.19;8.7;0;88;0
1;1;0;2014-01-10 01:00:00;8.19;8.7;0;88;0
2;1;0;2014-01-10 02:00:00;7.48;8.7;0;75;0
3;1;0;2014-01-10 03:00:00;7.44;11.3;0;75;0
4;1;0;2014-01-10 04:00:00;7.35;7.7;0;75;0
5;1;0;2014-01-10 05:00:00;7.14;10.3;0;75;0
6;1;0;2014-01-10 06:00:00;6.79;8.7;0;75;0
7;1;0;2014-01-10 07:00:00;6.54;8.7;0;75;0
8;1;0;2014-01-10 08:00:00;6.24;8.4;0;88;0
9;1;0;2014-01-10 09:00:00;6.36;8.9;0;88;8
10;1;0;2014-01-10 10:00:00;6.46;9.9;0.25;88;23
11;1;0;2014-01-10 11:00:00;7.06;8.4;0.1;88;29
12;1;0;2014-01-10 12:00:00;7.05;11;0.18;88;44
13;1;0;2014-01-10 13:00:00;6.97;9.4;0;88;46
14;1;0;2014-01-10 14:00:00;7.13;9.1;0;88;39
15;1;0;2014-01-10 15:00:00;7.16;8.2;0;88;48
16;1;0;2014-01-10 16:00:00;7.03;9.6;0;88;52
17;1;0;2014-01-10 17:00:00;6.89;7.7;0;75;48
18;1;0;2014-01-10 18:00:00;6.55;6.7;0;75;39
19;1;0;2014-01-10 19:00:00;6.48;6.2;0;75;45
20;1;0;2014-01-10 20:00:00;6.26;7.2;0;0;12
21;1;0;2014-01-10 21:00:00;6.08;7.7;0;75;0
22;1;0;2014-01-10 22:00:00;5.34;5.1;0;75;0
23;1;0;2014-01-10 23:00:00;5.28;5.7;0;75;0
0;1;1;2014-01-11 00:00:00;5.33;5.7;0;88;0
1;1;1;2014-01-11 01:00:00;4.97;4.1;0;0;0
2;1;1;2014-01-11 02:00:00;4.21;3.6;0;20;0
3;1;1;2014-01-11 03:00:00;4.32;5.1;0;40;0
4;1;1;2014-01-11 04:00:00;4.65;5.1;0;75;0
5;1;1;2014-01-11 05:00:00;4.36;5.1;0;75;0
6;1;1;2014-01-11 06:00:00;4.09;3.6;0;75;0
7;1;1;2014-01-11 07:00:00;4.48;4.1;0;75;0
8;1;1;2014-01-11 08:00:00;3.25;3.6;0;75;0
9;1;1;2014-01-11 09:00:00;3.25;3.6;0;75;8
10;1;1;2014-01-11 10:00:00;4.72;4.6;0;0;17
11;1;1;2014-01-11 11:00:00;5.85;5.1;0;40;39
12;1;1;2014-01-11 12:00:00;6.84;5.1;0;20;46
13;1;1;2014-01-11 13:00:00;7.68;5.7;0;20;81
14;1;1;2014-01-11 14:00:00;8;5.7;0;0;75
15;1;1;2014-01-11 15:00:00;7.73;5.1;0;0;91
16;1;1;2014-01-11 16:00:00;5.88;5.1;0;75;81
17;1;1;2014-01-11 17:00:00;6.18;5.7;0;75;73
18;1;1;2014-01-11 18:00:00;6.18;5.7;0;75;64
19;1;1;2014-01-11 19:00:00;5.72;5.7;0.25;75;24
20;1;1;2014-01-11 20:00:00;5.41;8.2;0.25;75;12
21;1;1;2014-01-11 21:00:00;5.12;6.7;0;40;2
22;1;1;2014-01-11 22:00:00;5.01;6.2;1;40;0
23;1;1;2014-01-11 23:00:00;4.55;6.7;0;20;0
0;1;0;2014-01-12 00:00:00;4.55;6.7;0;20;0
1;0;0;2014-01-12 01:00:00;4.26;10.3;0;75;0
2;0;0;2014-01-12 02:00:00;4.31;7.7;0;75;0
3;0;0;2014-01-12 03:00:00;4.34;9.3;0.1;75;0
4;0;0;2014-01-12 04:00:00;4.49;9.3;0;75;0
5;0;0;2014-01-12 05:00:00;4.49;9.3;0;75;0
6;0;0;2014-01-12 06:00:00;4.51;6.9;0;88;0
7;0;0;2014-01-12 07:00:00;4.31;6.7;0;40;0
8;0;0;2014-01-12 08:00:00;4.08;6.2;0;75;0
9;0;0;2014-01-12 09:00:00;4.08;6.2;0;75;0
10;0;0;2014-01-12 10:00:00;4.48;6.2;0;40;0
11;0;0;2014-01-12 11:00:00;5;8.2;0;40;0
12;0;0;2014-01-12 12:00:00;5.77;8.2;0;40;0
13;0;0;2014-01-12 13:00:00;5.77;8.2;0;40;0
14;0;0;2014-01-12 14:00:00;5.58;6.2;0;75;0
15;0;0;2014-01-12 15:00:00;5.28;6.2;0;75;0
16;0;0;2014-01-12 16:00:00;5.28;6.2;0;75;0
17;0;0;2014-01-12 17:00:00;4.51;5.7;0;20;1
18;0;0;2014-01-12 18:00:00;3.94;5.1;0;75;2
19;0;0;2014-01-12 19:00:00;3.84;5.7;0;75;0
20;0;0;2014-01-12 20:00:00;3.34;5.7;0;75;0
21;0;0;2014-01-12 21:00:00;2.98;4.1;0;88;2
22;0;0;2014-01-12 22:00:00;2.76;5.1;0;88;0
23;0;0;2014-01-12 23:00:00;2.2;3.6;0;75;0
0;0;0;2014-01-13 00:00:00;1.44;1.9;0;88;0
1;1;0;2014-01-13 01:00:00;1.44;1.9;0;88;0
2;1;0;2014-01-13 02:00:00;0.14;3.4;0;88;0
3;1;0;2014-01-13 03:00:00;0.01;1.4;0;88;0
4;1;0;2014-01-13 04:00:00;-0.51;0.5;0;88;0
5;1;0;2014-01-13 05:00:00;-1.29;1;0;75;0
6;1;0;2014-01-13 06:00:00;-0.27;2.1;0;75;0
7;1;0;2014-01-13 07:00:00;0.38;2.6;0;88;0
8;1;0;2014-01-13 08:00:00;0.71;3.8;0;88;1
9;1;0;2014-01-13 09:00:00;0.98;5.6;0;88;10
10;1;0;2014-01-13 10:00:00;1.28;3.1;0;88;24
11;1;0;2014-01-13 11:00:00;1.62;5.3;0;88;30
12;1;0;2014-01-13 12:00:00;2.47;4.9;0;88;44
13;1;0;2014-01-13 13:00:00;3.19;4.4;0;88;41
14;1;0;2014-01-13 14:00:00;3.41;4.3;0;88;34
15;1;0;2014-01-13 15:00:00;3.15;3.1;0;75;46
16;1;0;2014-01-13 16:00:00;3.17;3.6;0;75;29
17;1;0;2014-01-13 17:00:00;3.61;3.1;0;75;49
18;1;0;2014-01-13 18:00:00;3.48;2.6;0;75;46
19;1;0;2014-01-13 19:00:00;3.48;2.6;0;75;37
20;1;0;2014-01-13 20:00:00;3.24;2.1;0;75;5
21;1;0;2014-01-13 21:00:00;3.67;1.7;0;88;2
22;1;0;2014-01-13 22:00:00;3.8;1.6;0;88;0
23;1;0;2014-01-13 23:00:00;3.73;1.3;0;88;0
0;1;0;2014-01-14 00:00:00;3.77;0.6;0;88;0
1;1;0;2014-01-14 01:00:00;3.77;0.6;0;88;0
2;1;0;2014-01-14 02:00:00;3.63;0.9;0;88;0
3;1;0;2014-01-14 03:00:00;3.34;1.1;0;88;0
4;1;0;2014-01-14 04:00:00;3.19;1.4;0;88;0
5;1;0;2014-01-14 05:00:00;3.11;2.3;0;88;0
6;1;0;2014-01-14 06:00:00;2.94;1.5;0;0;0
7;1;0;2014-01-14 07:00:00;2.57;6.16;0;88;0
8;1;0;2014-01-14 08:00:00;2.74;0.5;0;75;0
9;1;0;2014-01-14 09:00:00;3;0.9;0;88;7
10;1;0;2014-01-14 10:00:00;3.68;0.4;0;88;12
11;1;0;2014-01-14 11:00:00;3.95;1.5;0;88;19
12;1;0;2014-01-14 12:00:00;4.7;1.6;0;88;40
13;1;0;2014-01-14 13:00:00;5.47;2.3;0;88;43
14;1;0;2014-01-14 14:00:00;5.63;2;0;88;51
15;1;0;2014-01-14 15:00:00;5.63;2;0;88;40
16;1;0;2014-01-14 16:00:00;5.2;2.4;0;88;41
17;1;0;2014-01-14 17:00:00;5.16;3.1;0;75;57
18;1;0;2014-01-14 18:00:00;4.84;2.6;0;75;49
19;1;0;2014-01-14 19:00:00;4.73;4.6;0;75;32
20;1;0;2014-01-14 20:00:00;4.65;2.6;0;75;14
21;1;0;2014-01-14 21:00:00;4.6;3.1;0;75;0
22;1;0;2014-01-14 22:00:00;4.31;2.6;0;75;0
23;1;0;2014-01-14 23:00:00;3.99;2.1;0;75;1
0;1;0;2014-01-15 00:00:00;3.7;2.1;0;75;0
1;1;0;2014-01-15 01:00:00;3.7;2.1;0;75;0
2;1;0;2014-01-15 02:00:00;3.81;1.7;0;88;0
3;1;0;2014-01-15 03:00:00;3.6;1.5;0;88;0
4;1;0;2014-01-15 04:00:00;3.59;1.4;0;88;0
5;1;0;2014-01-15 05:00:00;3.47;2.1;0;75;0
6;1;0;2014-01-15 06:00:00;3.31;6.16;0;88;0
7;1;0;2014-01-15 07:00:00;3.09;6.16;0;88;0
8;1;0;2014-01-15 08:00:00;3.09;6.16;0;88;0
9;1;0;2014-01-15 09:00:00;3.09;6.16;0;88;3
10;1;0;2014-01-15 10:00:00;3.4;6.16;0;88;10
11;1;0;2014-01-15 11:00:00;3.91;6.16;0;88;10
12;1;0;2014-01-15 12:00:00;3.98;6.16;0;88;24
13;1;0;2014-01-15 13:00:00;4.13;6.16;0;88;43
14;1;0;2014-01-15 14:00:00;4.3;6.16;0;88;46
15;1;0;2014-01-15 15:00:00;4.12;2.1;0;75;44
16;1;0;2014-01-15 16:00:00;4.13;1.03;0;88;60
17;1;0;2014-01-15 17:00:00;3.58;1.03;0;88;50
18;1;0;2014-01-15 18:00:00;3.21;6.16;0;88;40
19;1;0;2014-01-15 19:00:00;3.26;1.03;0;88;36
20;1;0;2014-01-15 20:00:00;3.14;2.06;0;88;8
21;1;0;2014-01-15 21:00:00;3.11;4.6;0;75;2
22;1;0;2014-01-15 22:00:00;3.11;4.6;0;75;0
23;1;0;2014-01-15 23:00:00;3.17;1.03;0;88;2
0;1;0;2014-01-16 00:00:00;2.87;6.16;0;88;1
1;1;0;2014-01-16 01:00:00;2.77;3.6;0;88;0
2;1;0;2014-01-16 02:00:00;2.77;3.6;0;88;0
3;1;0;2014-01-16 03:00:00;2.52;1.03;0;88;0
4;1;0;2014-01-16 04:00:00;2.31;1.54;0;88;0
5;1;0;2014-01-16 05:00:00;2.15;1.03;0;88;0
6;1;0;2014-01-16 06:00:00;2.1;6.16;0;88;0
7;1;0;2014-01-16 07:00:00;2.21;1.03;0;88;0
8;1;0;2014-01-16 08:00:00;1.75;1.54;0.18;88;0
9;1;0;2014-01-16 09:00:00;1.59;5.7;0.51;75;7
10;1;0;2014-01-16 10:00:00;1.59;5.7;0.51;75;23
11;1;0;2014-01-16 11:00:00;2.24;1.54;0.45;88;28
12;1;0;2014-01-16 12:00:00;2.37;6.16;0.24;88;35
13;1;0;2014-01-16 13:00:00;2.68;5.1;0.51;75;36
14;1;0;2014-01-16 14:00:00;3.05;6.16;0;88;40
15;1;0;2014-01-16 15:00:00;3.03;1.54;0;88;47
16;1;0;2014-01-16 16:00:00;3.16;4.6;0;75;45
17;1;0;2014-01-16 17:00:00;3.16;4.6;0;75;48
18;1;0;2014-01-16 18:00:00;3.12;4.1;0.3;75;41
19;1;0;2014-01-16 19:00:00;3.14;6.16;0.61;88;24
20;1;0;2014-01-16 20:00:00;3.14;6.16;1.28;88;6
21;1;0;2014-01-16 21:00:00;3.16;1.03;0.99;88;1
22;1;0;2014-01-16 22:00:00;3.31;6.16;0.3;88;0
23;1;0;2014-01-16 23:00:00;3.41;4.6;0.18;75;0
0;1;0;2014-01-17 00:00:00;3.56;3.4;0.2;88;0
1;1;0;2014-01-17 01:00:00;3.56;3.4;0.2;88;0
2;1;0;2014-01-17 02:00:00;15.543;6.16;0;88;0
3;1;0;2014-01-17 03:00:00;15.543;6.16;0;88;0
4;1;0;2014-01-17 04:00:00;15.543;6.16;0;88;0
5;1;0;2014-01-17 05:00:00;15.543;6.16;0;88;0
6;1;0;2014-01-17 06:00:00;15.543;6.16;0;88;0
7;1;0;2014-01-17 07:00:00;15.543;6.16;0;88;0
8;1;0;2014-01-17 08:00:00;15.543;6.16;0;88;0
9;1;0;2014-01-17 09:00:00;15.543;6.16;0;88;10
10;1;0;2014-01-17 10:00:00;15.543;6.16;0;88;18
11;1;0;2014-01-17 11:00:00;15.543;6.16;0;88;34
12;1;0;2014-01-17 12:00:00;15.543;6.16;0;88;40
13;1;0;2014-01-17 13:00:00;15.543;6.16;0;88;47
14;1;0;2014-01-17 14:00:00;15.543;6.16;0;88;56
15;1;0;2014-01-17 15:00:00;15.543;6.16;0;88;44
16;1;0;2014-01-17 16:00:00;15.543;6.16;0;88;48
17;1;0;2014-01-17 17:00:00;15.543;6.16;0;88;36
18;1;0;2014-01-17 18:00:00;15.543;6.16;0;88;59
19;1;0;2014-01-17 19:00:00;15.543;6.16;0;88;33
20;1;0;2014-01-17 20:00:00;15.543;6.16;0;88;22
21;1;0;2014-01-17 21:00:00;15.543;6.16;0;88;1
22;1;0;2014-01-17 22:00:00;15.543;6.16;0;88;2
23;1;0;2014-01-17 23:00:00;15.543;6.16;0;88;3
0;1;1;2014-01-18 00:00:00;15.543;6.16;0;88;1
1;1;1;2014-01-18 01:00:00;15.543;6.16;0;88;0
2;1;1;2014-01-18 02:00:00;15.543;6.16;0;88;0
3;1;1;2014-01-18 03:00:00;15.543;6.16;0;88;0
4;1;1;2014-01-18 04:00:00;15.543;6.16;0;88;0
5;1;1;2014-01-18 05:00:00;15.543;6.16;0;88;0
6;1;1;2014-01-18 06:00:00;15.543;6.16;0;88;0
7;1;1;2014-01-18 07:00:00;15.543;6.16;0;88;0
8;1;1;2014-01-18 08:00:00;15.543;6.16;0;88;0
9;1;1;2014-01-18 09:00:00;15.543;6.16;0;88;2
10;1;1;2014-01-18 10:00:00;15.543;6.16;0;88;21
11;1;1;2014-01-18 11:00:00;15.543;6.16;0;88;31
12;1;1;2014-01-18 12:00:00;15.543;6.16;0;88;54
13;1;1;2014-01-18 13:00:00;15.543;6.16;0;88;67
14;1;1;2014-01-18 14:00:00;15.543;6.16;0;88;75
15;1;1;2014-01-18 15:00:00;15.543;6.16;0;88;86
16;1;1;2014-01-18 16:00:00;15.543;6.16;0;88;88
17;1;1;2014-01-18 17:00:00;15.543;6.16;0;88;77
18;1;1;2014-01-18 18:00:00;15.543;6.16;0;88;46
19;1;1;2014-01-18 19:00:00;15.543;6.16;0;88;31
20;1;1;2014-01-18 20:00:00;15.543;6.16;0;88;23
21;1;1;2014-01-18 21:00:00;15.543;6.16;0;88;4
22;1;1;2014-01-18 22:00:00;15.543;6.16;0;88;6
23;1;1;2014-01-18 23:00:00;15.543;6.16;0;88;0
0;1;0;2014-01-19 00:00:00;15.543;6.16;0;88;0
1;0;0;2014-01-19 01:00:00;15.543;6.16;0;88;0
2;0;0;2014-01-19 02:00:00;15.543;6.16;0;88;0
3;0;0;2014-01-19 03:00:00;15.543;6.16;0;88;0
4;0;0;2014-01-19 04:00:00;15.543;6.16;0;88;0
5;0;0;2014-01-19 05:00:00;15.543;6.16;0;88;0
6;0;0;2014-01-19 06:00:00;15.543;6.16;0;88;0
7;0;0;2014-01-19 07:00:00;15.543;6.16;0;88;0
8;0;0;2014-01-19 08:00:00;15.543;6.16;0;88;0
9;0;0;2014-01-19 09:00:00;15.543;6.16;0;88;0
10;0;0;2014-01-19 10:00:00;15.543;6.16;0;88;0
11;0;0;2014-01-19 11:00:00;15.543;6.16;0;88;0
12;0;0;2014-01-19 12:00:00;0.47;6.3;0;88;0
13;0;0;2014-01-19 13:00:00;0.67;8;0;88;0
14;0;0;2014-01-19 14:00:00;0.48;2.06;0;88;0
15;0;0;2014-01-19 15:00:00;0.48;2.06;0;88;0
16;0;0;2014-01-19 16:00:00;-0.33;7.7;0;90;0
17;0;0;2014-01-19 17:00:00;-0.66;8.7;0;90;0
18;0;0;2014-01-19 18:00:00;-0.8;2.06;0;88;0
19;0;0;2014-01-19 19:00:00;-0.95;1.54;0;88;2
20;0;0;2014-01-19 20:00:00;-1.04;3.08;0;88;1
21;0;0;2014-01-19 21:00:00;-1.52;1.03;0;88;0
22;0;0;2014-01-19 22:00:00;-1.51;2.06;0;88;0
23;0;0;2014-01-19 23:00:00;-2.04;2.06;0;88;0
0;0;0;2014-01-20 00:00:00;-2.3;1.54;0;88;0
1;1;0;2014-01-20 01:00:00;-2.13;2.06;0;88;0
2;1;0;2014-01-20 02:00:00;-2.48;2.06;0;88;0
3;1;0;2014-01-20 03:00:00;-2.25;1.03;0;88;0
4;1;0;2014-01-20 04:00:00;-2.25;1.03;0;88;0
5;1;0;2014-01-20 05:00:00;-1.9;2.57;0;88;0
6;1;0;2014-01-20 06:00:00;-1.83;3.08;0;88;0
7;1;0;2014-01-20 07:00:00;-1.51;1.54;0;88;0
8;1;0;2014-01-20 08:00:00;-1.64;2.06;0;88;0
9;1;0;2014-01-20 09:00:00;-1.7;2.06;0;88;4
10;1;0;2014-01-20 10:00:00;-1.62;6.2;0.1;90;13
11;1;0;2014-01-20 11:00:00;-1.62;1.54;0.1;88;17
12;1;0;2014-01-20 12:00:00;-1.64;2.06;0;88;35
13;1;0;2014-01-20 13:00:00;-1.64;2.06;0;88;38
14;1;0;2014-01-20 14:00:00;-1.75;5.7;0;90;37
15;1;0;2014-01-20 15:00:00;-1.98;2.06;0;88;28
16;1;0;2014-01-20 16:00:00;-2.22;4.1;0;88;38
17;1;0;2014-01-20 17:00:00;-2.56;4.6;0;75;31
18;1;0;2014-01-20 18:00:00;-2.58;4.6;0.1;75;34
19;1;0;2014-01-20 19:00:00;-2.63;4.1;0;75;22
20;1;0;2014-01-20 20:00:00;-2.57;4.1;0;75;2
21;1;0;2014-01-20 21:00:00;-2.91;4.6;0;75;1
22;1;0;2014-01-20 22:00:00;-2.91;4.6;0;75;0
23;1;0;2014-01-20 23:00:00;-2.91;4.6;0;75;0
0;1;0;2014-01-21 00:00:00;-2.81;4.1;0;88;0
1;1;0;2014-01-21 01:00:00;-2.81;4.1;0;88;0
2;1;0;2014-01-21 02:00:00;-2.67;4.1;0;75;0
3;1;0;2014-01-21 03:00:00;-2.77;3.1;0;75;0
4;1;0;2014-01-21 04:00:00;-2.67;3.1;0;75;0
5;1;0;2014-01-21 05:00:00;-2.67;3.1;0;75;0
6;1;0;2014-01-21 06:00:00;-2.64;3.1;0;75;0
7;1;0;2014-01-21 07:00:00;-2.64;2.6;0;75;0
8;1;0;2014-01-21 08:00:00;-2.68;3.1;0;75;0
9;1;0;2014-01-21 09:00:00;-2.64;3.1;0;75;1
10;1;0;2014-01-21 10:00:00;-2.07;2.6;0;75;12
11;1;0;2014-01-21 11:00:00;-2.07;2.6;0;75;22
12;1;0;2014-01-21 12:00:00;-1.63;2.6;0;75;23
13;1;0;2014-01-21 13:00:00;-1.65;2.1;0.5;75;50
14;1;0;2014-01-21 14:00:00;-1.57;2.6;0.3;75;31
15;1;0;2014-01-21 15:00:00;-1.96;3.1;0.2;75;29
16;1;0;2014-01-21 16:00:00;-1.96;3.1;0.2;75;33
17;1;0;2014-01-21 17:00:00;-2.53;2.6;0.1;75;48
18;1;0;2014-01-21 18:00:00;-2.92;3.1;0.2;75;30
19;1;0;2014-01-21 19:00:00;-2.92;3.1;0.2;75;23
20;1;0;2014-01-21 20:00:00;-3.19;3.1;0.1;90;9
21;1;0;2014-01-21 21:00:00;-3.51;3.6;0;90;0
22;1;0;2014-01-21 22:00:00;-3.58;3.1;0;90;0
23;1;0;2014-01-21 23:00:00;-3.88;4.1;0.1;90;0
0;1;0;2014-01-22 00:00:00;-3.94;3.6;0;88;0
1;1;0;2014-01-22 01:00:00;-3.94;3.6;0;88;0
2;1;0;2014-01-22 02:00:00;-4.24;4.1;0;75;0
3;1;0;2014-01-22 03:00:00;-4.29;4.1;0;75;0
4;1;0;2014-01-22 04:00:00;-4.55;4.1;0;90;0
5;1;0;2014-01-22 05:00:00;-4.58;4.6;0;90;0
6;1;0;2014-01-22 06:00:00;-4.58;4.6;0;90;0
7;1;0;2014-01-22 07:00:00;-4.69;5.1;0;75;0
8;1;0;2014-01-22 08:00:00;-4.69;5.1;0;75;0
9;1;0;2014-01-22 09:00:00;-4.69;5.7;0;75;2
10;1;0;2014-01-22 10:00:00;-4.78;5.1;0;75;11
11;1;0;2014-01-22 11:00:00;-4.55;5.1;0;75;25
12;1;0;2014-01-22 12:00:00;-4.57;4.6;0;75;33
13;1;0;2014-01-22 13:00:00;-4.57;4.6;0;75;36
14;1;0;2014-01-22 14:00:00;-4.89;4.1;0;75;39
15;1;0;2014-01-22 15:00:00;-4.89;4.1;0;75;33
16;1;0;2014-01-22 16:00:00;-4.77;4.6;0;75;46
17;1;0;2014-01-22 17:00:00;-4.77;4.6;0;75;42
18;1;0;2014-01-22 18:00:00;-4.89;5.1;0;75;34
19;1;0;2014-01-22 19:00:00;-4.43;5.1;0;75;25
20;1;0;2014-01-22 20:00:00;-4.66;4.4;0;88;5
21;1;0;2014-01-22 21:00:00;-4.67;6.2;0;88;0
22;1;0;2014-01-22 22:00:00;-4.67;6.2;0;88;0
23;1;0;2014-01-22 23:00:00;-5;4.1;0;90;0
0;1;0;2014-01-23 00:00:00;-5.02;5.1;0;88;0
1;1;0;2014-01-23 01:00:00;-5.02;5.1;0;88;0
2;1;0;2014-01-23 02:00:00;-4.88;4.6;0;90;0
3;1;0;2014-01-23 03:00:00;-4.9;4.1;0;90;0
4;1;0;2014-01-23 04:00:00;-4.92;4.6;0;75;0
5;1;0;2014-01-23 05:00:00;-4.96;4.6;0;90;0
6;1;0;2014-01-23 06:00:00;-4.96;4.6;0;90;0
7;1;0;2014-01-23 07:00:00;-5.14;4.6;0;75;0
8;1;0;2014-01-23 08:00:00;-5.32;5.7;0;75;0
9;1;0;2014-01-23 09:00:00;-4.8;5.1;0;75;8
10;1;0;2014-01-23 10:00:00;-4.46;5.1;0;75;16
11;1;0;2014-01-23 11:00:00;-4.36;6.2;0;75;29
12;1;0;2014-01-23 12:00:00;-4.36;6.2;0;75;51
13;1;0;2014-01-23 13:00:00;-3.74;5.1;0;75;43
14;1;0;2014-01-23 14:00:00;-3.74;5.1;0;75;48
15;1;0;2014-01-23 15:00:00;-4.52;5.1;0;75;34
16;1;0;2014-01-23 16:00:00;-4.66;5.7;0;75;35
17;1;0;2014-01-23 17:00:00;-4.8;7.2;0;75;56
18;1;0;2014-01-23 18:00:00;-5.35;7.7;0;75;47
19;1;0;2014-01-23 19:00:00;-5.34;6.7;0;75;30
20;1;0;2014-01-23 20:00:00;-5.41;6.2;0;75;5
21;1;0;2014-01-23 21:00:00;-5.45;6.2;0;75;0
22;1;0;2014-01-23 22:00:00;-5.42;5.7;0;75;0
23;1;0;2014-01-23 23:00:00;-5.42;5.7;0;75;1
0;1;0;2014-01-24 00:00:00;-5.52;7.6;0;88;0
1;1;0;2014-01-24 01:00:00;-5.53;7.2;0;75;0
2;1;0;2014-01-24 02:00:00;-5.55;7.7;0;75;0
3;1;0;2014-01-24 03:00:00;-5.74;6.7;0;75;0
4;1;0;2014-01-24 04:00:00;-6.14;7.2;0;75;0
5;1;0;2014-01-24 05:00:00;-6.04;7.2;0;75;0
6;1;0;2014-01-24 06:00:00;-5.73;7.2;0;90;0
7;1;0;2014-01-24 07:00:00;-5.73;7.2;0;90;0
8;1;0;2014-01-24 08:00:00;-6.31;7.7;0;75;0
9;1;0;2014-01-24 09:00:00;-6.14;6.2;0;75;10
10;1;0;2014-01-24 10:00:00;-5.93;7.2;0;75;7
11;1;0;2014-01-24 11:00:00;-5.31;6.2;0;75;32
12;1;0;2014-01-24 12:00:00;-4.43;7.7;0.2;75;39
13;1;0;2014-01-24 13:00:00;-4.59;6.7;0;75;44
14;1;0;2014-01-24 14:00:00;-5.24;5.7;0;75;52
15;1;0;2014-01-24 15:00:00;-5.57;6.7;0;75;44
16;1;0;2014-01-24 16:00:00;-5.76;5.1;0;75;55
17;1;0;2014-01-24 17:00:00;-5.82;5.1;0;40;48
18;1;0;2014-01-24 18:00:00;-6.65;4.1;0;88;49
19;1;0;2014-01-24 19:00:00;-7.81;4.1;0;0;24
20;1;0;2014-01-24 20:00:00;-8.63;4.1;0;0;5
21;1;0;2014-01-24 21:00:00;-9.59;7.2;0;0;0
22;1;0;2014-01-24 22:00:00;-10.22;7.4;0;88;0
23;1;0;2014-01-24 23:00:00;-11.16;6.2;0;0;0
0;1;1;2014-01-25 00:00:00;-11.99;7;0;88;0
1;1;1;2014-01-25 01:00:00;-11.99;7;0;88;0
2;1;1;2014-01-25 02:00:00;-12.15;4.6;0;40;0
3;1;1;2014-01-25 03:00:00;-12.43;5.1;0;75;0
4;1;1;2014-01-25 04:00:00;-12.61;4.6;0;75;0
5;1;1;2014-01-25 05:00:00;-12.68;3.1;0;75;0
6;1;1;2014-01-25 06:00:00;-12.56;2.6;0;75;0
7;1;1;2014-01-25 07:00:00;-12.67;5.7;0;75;0
8;1;1;2014-01-25 08:00:00;-12.52;6.7;0;75;0
9;1;1;2014-01-25 09:00:00;-13.25;5.1;0;75;6
10;1;1;2014-01-25 10:00:00;-12.6;5.1;0;40;15
11;1;1;2014-01-25 11:00:00;-12.11;3.1;0;20;28
12;1;1;2014-01-25 12:00:00;-10.76;3.6;0;0;33
13;1;1;2014-01-25 13:00:00;-10.1;4.9;0;88;58
14;1;1;2014-01-25 14:00:00;-8.83;3.4;0;88;52
15;1;1;2014-01-25 15:00:00;-8.53;3.1;0;0;73
16;1;1;2014-01-25 16:00:00;-10.16;4.6;0;0;56
17;1;1;2014-01-25 17:00:00;-10.88;3.1;0;0;65
18;1;1;2014-01-25 18:00:00;-11.69;5.1;0;0;48
19;1;1;2014-01-25 19:00:00;-11.69;5.1;0;0;25
20;1;1;2014-01-25 20:00:00;-11.62;5.7;0;0;11
21;1;1;2014-01-25 21:00:00;-11.62;5.7;0;0;0
22;1;1;2014-01-25 22:00:00;-12.11;6.2;0;75;0
23;1;1;2014-01-25 23:00:00;-11.76;6.7;0;75;0
0;1;0;2014-01-26 00:00:00;-11.76;6.7;0;75;0
1;0;0;2014-01-26 01:00:00;-11.64;7.7;0;75;0
2;0;0;2014-01-26 02:00:00;-11.66;6.2;0;75;0
3;0;0;2014-01-26 03:00:00;-11.6;6.7;0;75;0
4;0;0;2014-01-26 04:00:00;-11.88;6.7;0;75;0
5;0;0;2014-01-26 05:00:00;-12.58;6.7;0;75;0
6;0;0;2014-01-26 06:00:00;-12.58;6.7;0;75;0
7;0;0;2014-01-26 07:00:00;-12.82;6.9;0;88;0
8;0;0;2014-01-26 08:00:00;-12.78;5.7;0;88;0
9;0;0;2014-01-26 09:00:00;-11.97;5.1;0;75;0
10;0;0;2014-01-26 10:00:00;-11.68;4.6;0;75;0
11;0;0;2014-01-26 11:00:00;-11.41;4.1;0;75;0
12;0;0;2014-01-26 12:00:00;-11.41;4.1;0;75;1
13;0;0;2014-01-26 13:00:00;-10.15;4.6;0;40;33
14;0;0;2014-01-26 14:00:00;-10.15;4.6;0;40;53
15;0;0;2014-01-26 15:00:00;-10.15;4.6;0;40;37
16;0;0;2014-01-26 16:00:00;-9.68;4.1;0;40;39
17;0;0;2014-01-26 17:00:00;-10.54;4.1;0;20;27
18;0;0;2014-01-26 18:00:00;-10.8;4.1;0;20;0
19;0;0;2014-01-26 19:00:00;-10.76;6.2;0;0;0
20;0;0;2014-01-26 20:00:00;-10;5.7;0;75;0
21;0;0;2014-01-26 21:00:00;-9.86;5.7;0;75;0
22;0;0;2014-01-26 22:00:00;-9.67;5.7;0;75;0
23;0;0;2014-01-26 23:00:00;-9.24;5.7;0;75;0
0;0;0;2014-01-27 00:00:00;-8.62;5.1;0;75;0
1;1;0;2014-01-27 01:00:00;-8.2;4.6;0;75;0
2;1;0;2014-01-27 02:00:00;-7.72;6.7;0;75;0
3;1;0;2014-01-27 03:00:00;-7.19;5.7;0;75;0
4;1;0;2014-01-27 04:00:00;-6.33;5.7;0;75;0
5;1;0;2014-01-27 05:00:00;-5.56;6.2;0;75;0
6;1;0;2014-01-27 06:00:00;-5.19;5.7;0;75;0
7;1;0;2014-01-27 07:00:00;-5.04;6.7;0;75;0
8;1;0;2014-01-27 08:00:00;-4.72;6.7;0.1;75;0
9;1;0;2014-01-27 09:00:00;-4.34;5.7;0;75;4
10;1;0;2014-01-27 10:00:00;-4.14;5.1;0.1;75;9
11;1;0;2014-01-27 11:00:00;-4.02;4.6;0.4;75;15
12;1;0;2014-01-27 12:00:00;-3.53;3.1;0.5;75;29
13;1;0;2014-01-27 13:00:00;-3.11;4.1;0.8;75;33
14;1;0;2014-01-27 14:00:00;-2.62;3.6;0.6;75;26
15;1;0;2014-01-27 15:00:00;-2.56;4.1;0.4;75;23
16;1;0;2014-01-27 16:00:00;-2.44;3.6;0;75;30
17;1;0;2014-01-27 17:00:00;-2.53;3.6;0.1;75;42
18;1;0;2014-01-27 18:00:00;-2.53;3.1;0;75;19
19;1;0;2014-01-27 19:00:00;-2.55;3.6;0.1;75;19
20;1;0;2014-01-27 20:00:00;-2.61;3.1;0;90;2
21;1;0;2014-01-27 21:00:00;-2.34;3.1;0;90;0
22;1;0;2014-01-27 22:00:00;-2.09;3.6;0;90;0
23;1;0;2014-01-27 23:00:00;-1.97;3.1;0;90;0
0;1;0;2014-01-28 00:00:00;-1.95;2.6;0;90;0
1;1;0;2014-01-28 01:00:00;-1.99;3.1;0;90;0
2;1;0;2014-01-28 02:00:00;-2.26;3.6;0;90;0
3;1;0;2014-01-28 03:00:00;-2.31;3.6;0;90;0
4;1;0;2014-01-28 04:00:00;-2.62;4.1;0;90;0
5;1;0;2014-01-28 05:00:00;-3.12;3.6;0;90;0
6;1;0;2014-01-28 06:00:00;-3.87;4.1;0;75;0
7;1;0;2014-01-28 07:00:00;-4.52;3.6;0;40;0
8;1;0;2014-01-28 08:00:00;-4.72;3.1;0;40;0
9;1;0;2014-01-28 09:00:00;-4.22;4.1;0;75;11
10;1;0;2014-01-28 10:00:00;-3.56;4.1;0;75;18
11;1;0;2014-01-28 11:00:00;-2.51;4.1;0;75;22
12;1;0;2014-01-28 12:00:00;-1.47;4.1;0;75;27
13;1;0;2014-01-28 13:00:00;-0.5;5.1;0;75;47
14;1;0;2014-01-28 14:00:00;-0.52;5.1;0;75;32
15;1;0;2014-01-28 15:00:00;-1.01;4.6;0;75;41
16;1;0;2014-01-28 16:00:00;-1.37;5.1;0;75;46
17;1;0;2014-01-28 17:00:00;-2.04;4.6;0.25;75;55
18;1;0;2014-01-28 18:00:00;-2.48;6.2;0;75;35
19;1;0;2014-01-28 19:00:00;-3.25;6.2;0;75;27
20;1;0;2014-01-28 20:00:00;-3.61;5.7;0;75;3
21;1;0;2014-01-28 21:00:00;-4.29;5.7;0;75;0
22;1;0;2014-01-28 22:00:00;-4.56;6.7;0;75;0
23;1;0;2014-01-28 23:00:00;-5.16;6.7;0;75;0
0;1;0;2014-01-29 00:00:00;-5.28;7.2;0;75;0
1;1;0;2014-01-29 01:00:00;-5.3;7.2;0;75;0
2;1;0;2014-01-29 02:00:00;-5.6;6.7;0;75;0
3;1;0;2014-01-29 03:00:00;-5.87;7.2;0;75;0
4;1;0;2014-01-29 04:00:00;-5.97;6.2;0;75;0
5;1;0;2014-01-29 05:00:00;-6.19;7.7;0;75;0
6;1;0;2014-01-29 06:00:00;-6.4;7.2;0;75;0
7;1;0;2014-01-29 07:00:00;-6.67;7.7;0;75;0
8;1;0;2014-01-29 08:00:00;-6.65;7.2;0;75;0
9;1;0;2014-01-29 09:00:00;-6.68;7.2;0;75;2
10;1;0;2014-01-29 10:00:00;-6.25;7.7;0;75;10
11;1;0;2014-01-29 11:00:00;-5.87;7.7;0;75;21
12;1;0;2014-01-29 12:00:00;-5.79;7.7;0;75;37
13;1;0;2014-01-29 13:00:00;-5.76;7.2;0;75;34
14;1;0;2014-01-29 14:00:00;-5.82;7.7;0;75;39
15;1;0;2014-01-29 15:00:00;-5.79;7.7;0;75;40
16;1;0;2014-01-29 16:00:00;-5.92;7.7;0;75;33
17;1;0;2014-01-29 17:00:00;-5.92;6.7;0;75;40
18;1;0;2014-01-29 18:00:00;-5.77;6.7;0;75;46
19;1;0;2014-01-29 19:00:00;-6.04;6.2;0;75;24
20;1;0;2014-01-29 20:00:00;-5.87;6.7;0;75;9
21;1;0;2014-01-29 21:00:00;-5.48;6.2;0;75;0
22;1;0;2014-01-29 22:00:00;-5.12;6.7;0;75;0
23;1;0;2014-01-29 23:00:00;-5.02;7.2;0;75;0
0;1;0;2014-01-30 00:00:00;-5.06;6.7;0;75;0
1;1;0;2014-01-30 01:00:00;-5.03;6.2;0;75;0
2;1;0;2014-01-30 02:00:00;-5.39;7.2;0;90;0
3;1;0;2014-01-30 03:00:00;-5.46;6.7;0;75;0
4;1;0;2014-01-30 04:00:00;-5.61;6.2;0.3;75;0
5;1;0;2014-01-30 05:00:00;-5.6;6.7;0;75;0
6;1;0;2014-01-30 06:00:00;-5.48;6.2;0;75;0
7;1;0;2014-01-30 07:00:00;-5.61;7.2;0;75;0
8;1;0;2014-01-30 08:00:00;-5.75;7.7;0;75;1
9;1;0;2014-01-30 09:00:00;-5.75;6.7;0;75;8
10;1;0;2014-01-30 10:00:00;-5.55;6.7;0;75;13
11;1;0;2014-01-30 11:00:00;-4.69;6.2;0;75;24
12;1;0;2014-01-30 12:00:00;-4.49;5.7;0;75;32
13;1;0;2014-01-30 13:00:00;-3.58;5.1;0;75;42
14;1;0;2014-01-30 14:00:00;-3.21;6.7;0;75;47
15;1;0;2014-01-30 15:00:00;-2.84;6.7;0;75;45
16;1;0;2014-01-30 16:00:00;-3.35;5.7;0;75;33
17;1;0;2014-01-30 17:00:00;-3.79;6.7;0;75;46
18;1;0;2014-01-30 18:00:00;-4.35;5.1;0;75;31
19;1;0;2014-01-30 19:00:00;-4.68;5.7;0;75;21
20;1;0;2014-01-30 20:00:00;-4.58;6.2;0;75;3
21;1;0;2014-01-30 21:00:00;-4.05;6.2;0;75;0
22;1;0;2014-01-30 22:00:00;-3.95;5.7;0;75;0
23;1;0;2014-01-30 23:00:00;-3.88;5.7;0;0;0
0;1;0;2014-01-31 00:00:00;-3.9;7.4;0;0;0
1;1;0;2014-01-31 01:00:00;-4.1;7.1;0;0;0
2;1;0;2014-01-31 02:00:00;-4.62;6.4;0;0;0
3;1;0;2014-01-31 03:00:00;-4.61;6.4;0;0;0
4;1;0;2014-01-31 04:00:00;-4.32;5.4;0;0;0
5;1;0;2014-01-31 05:00:00;-4.05;7.1;0;0;0
6;1;0;2014-01-31 06:00:00;-3.26;4.5;0;0;0
7;1;0;2014-01-31 07:00:00;-3.04;4;0;0;0
8;1;0;2014-01-31 08:00:00;-2.58;3.9;0;0;0
9;1;0;2014-01-31 09:00:00;-2.23;5.3;0;0;9
10;1;0;2014-01-31 10:00:00;-1.65;6;0;0;15
11;1;0;2014-01-31 11:00:00;-0.71;4.4;0;0;21
12;1;0;2014-01-31 12:00:00;0.07;2.9;0;0;36
13;1;0;2014-01-31 13:00:00;1.3;3.9;0;0;40
14;1;0;2014-01-31 14:00:00;2.09;3.3;0;0;50
15;1;0;2014-01-31 15:00:00;1.97;3.1;0;0;54
16;1;0;2014-01-31 16:00:00;1.09;3.8;0;0;52
17;1;0;2014-01-31 17:00:00;-0.19;1.8;0.25;0;77
18;1;0;2014-01-31 18:00:00;-0.73;2.1;0;0;53
19;1;0;2014-01-31 19:00:00;-1.48;2.7;0;0;32
20;1;0;2014-01-31 20:00:00;-1.57;2.2;0;0;8
21;1;0;2014-01-31 21:00:00;-2.27;2.6;0;0;0
22;1;0;2014-01-31 22:00:00;-2.23;1.7;0;0;0
23;1;0;2014-01-31 23:00:00;-2.69;1.6;0;0;0
0;1;1;2014-02-01 00:00:00;-2.09;2.2;0;0;0
1;1;1;2014-02-01 01:00:00;-1.56;4.1;0;0;0
2;1;1;2014-02-01 02:00:00;-2.03;2.3;0;0;0
3;1;1;2014-02-01 03:00:00;-1.65;3.5;0;0;0
4;1;1;2014-02-01 04:00:00;-1.08;2.9;0;0;0
5;1;1;2014-02-01 05:00:00;-1.07;3.3;0;0;0
6;1;1;2014-02-01 06:00:00;-0.9;4.6;0;0;0
7;1;1;2014-02-01 07:00:00;-1.19;3.7;0;0;0
8;1;1;2014-02-01 08:00:00;-1.54;2.7;0;0;0
9;1;1;2014-02-01 09:00:00;0.13;4.8;0;0;3
10;1;1;2014-02-01 10:00:00;1.15;4.4;0;0;18
11;1;1;2014-02-01 11:00:00;3.98;5.5;0;0;49
12;1;1;2014-02-01 12:00:00;4.9;5.3;0;0;58
13;1;1;2014-02-01 13:00:00;5.85;3.4;2.29;0;82
14;1;1;2014-02-01 14:00:00;5.97;4.2;2.29;0;88
15;1;1;2014-02-01 15:00:00;5.93;4.1;0.51;0;81
16;1;1;2014-02-01 16:00:00;5.09;3.2;0.25;0;93
17;1;1;2014-02-01 17:00:00;4.12;2.8;0.51;0;83
18;1;1;2014-02-01 18:00:00;3.66;2.3;0.25;0;60
19;1;1;2014-02-01 19:00:00;3.55;4.1;0;0;41
20;1;1;2014-02-01 20:00:00;3.19;4.2;0.25;0;11
21;1;1;2014-02-01 21:00:00;3.21;3.6;0;0;0
22;1;1;2014-02-01 22:00:00;3.15;2.6;0.25;0;0
23;1;1;2014-02-01 23:00:00;3.14;3.8;0;0;0
0;1;0;2014-02-02 00:00:00;2.87;1.4;0;0;0
1;0;0;2014-02-02 01:00:00;2.86;2.1;0.25;0;0
2;0;0;2014-02-02 02:00:00;2.56;1.8;0;0;0
3;0;0;2014-02-02 03:00:00;2.53;1.7;0;0;0
4;0;0;2014-02-02 04:00:00;1.96;2.3;0.1;0;0
5;0;0;2014-02-02 05:00:00;1.58;1.4;0;0;0
6;0;0;2014-02-02 06:00:00;1.49;0.9;0;0;0
7;0;0;2014-02-02 07:00:00;1.71;1.1;0;0;0
8;0;0;2014-02-02 08:00:00;1.93;1.6;0;0;0
9;0;0;2014-02-02 09:00:00;2.1;2.1;0;0;0
10;0;0;2014-02-02 10:00:00;2.82;2.4;0;0;0
11;0;0;2014-02-02 11:00:00;3.39;1.6;0.25;0;0
12;0;0;2014-02-02 12:00:00;3.59;1.8;0.51;0;0
13;0;0;2014-02-02 13:00:00;3.5;1.1;0.51;0;0
14;0;0;2014-02-02 14:00:00;3.55;1.9;0.58;0;0
15;0;0;2014-02-02 15:00:00;3.49;1.4;0.43;0;0
16;0;0;2014-02-02 16:00:00;3.31;1.6;0.5;0;0
17;0;0;2014-02-02 17:00:00;2.92;1.8;0.3;0;0
18;0;0;2014-02-02 18:00:00;2.48;1.8;0;0;0
19;0;0;2014-02-02 19:00:00;2.35;1.7;0;0;0
20;0;0;2014-02-02 20:00:00;2.34;2.3;0;0;0
21;0;0;2014-02-02 21:00:00;2.36;1.5;0;90;0
22;0;0;2014-02-02 22:00:00;2.34;1.5;0;90;0
23;0;0;2014-02-02 23:00:00;2.15;1.5;0;90;0
0;0;0;2014-02-03 00:00:00;2.04;0.5;0;90;0
1;1;0;2014-02-03 01:00:00;2;1.5;0;90;0
2;1;0;2014-02-03 02:00:00;1.93;1.5;0;75;0
3;1;0;2014-02-03 03:00:00;1.78;1.5;0;75;0
4;1;0;2014-02-03 04:00:00;1.59;1;0;75;0
5;1;0;2014-02-03 05:00:00;1.6;2.6;0;75;0
6;1;0;2014-02-03 06:00:00;1.56;2.1;0;75;0
7;1;0;2014-02-03 07:00:00;1.58;3.6;0;75;0
8;1;0;2014-02-03 08:00:00;1.56;3.1;0;75;0
9;1;0;2014-02-03 09:00:00;1.82;2.6;0;75;14
10;1;0;2014-02-03 10:00:00;2.02;4.1;0;75;17
11;1;0;2014-02-03 11:00:00;2.34;4.6;0;75;23
12;1;0;2014-02-03 12:00:00;3.39;4.1;0;75;42
13;1;0;2014-02-03 13:00:00;3.78;4.6;0;75;45
14;1;0;2014-02-03 14:00:00;4.24;4.6;0;75;43
15;1;0;2014-02-03 15:00:00;3.63;5.7;0;75;63
16;1;0;2014-02-03 16:00:00;3.01;5.7;0;75;54
17;1;0;2014-02-03 17:00:00;2.09;6.2;0;75;63
18;1;0;2014-02-03 18:00:00;1.7;7.7;0;75;43
19;1;0;2014-02-03 19:00:00;1.31;5.1;0;20;34
20;1;0;2014-02-03 20:00:00;0.64;4.1;0;20;3
21;1;0;2014-02-03 21:00:00;0.57;4.1;0;20;0
22;1;0;2014-02-03 22:00:00;0.48;4.1;0;0;0
23;1;0;2014-02-03 23:00:00;0.17;4.1;0;0;0
0;1;0;2014-02-04 00:00:00;-0.01;4.6;0;0;0
1;1;0;2014-02-04 01:00:00;-0.25;4.1;0;0;0
2;1;0;2014-02-04 02:00:00;-0.33;3.1;0;0;0
3;1;0;2014-02-04 03:00:00;-0.46;3.6;0;0;0
4;1;0;2014-02-04 04:00:00;-0.3;3.1;0;0;0
5;1;0;2014-02-04 05:00:00;-0.57;3.6;0;0;0
6;1;0;2014-02-04 06:00:00;-0.6;2.6;0;0;0
7;1;0;2014-02-04 07:00:00;-0.64;4.1;0;0;0
8;1;0;2014-02-04 08:00:00;-0.32;3.6;0;0;0
9;1;0;2014-02-04 09:00:00;0.56;4.1;0;0;8
10;1;0;2014-02-04 10:00:00;1.87;4.6;0;0;30
11;1;0;2014-02-04 11:00:00;3.24;5.1;0;0;35
12;1;0;2014-02-04 12:00:00;4.57;4.6;0;0;46
13;1;0;2014-02-04 13:00:00;5.23;4.6;0;0;61
14;1;0;2014-02-04 14:00:00;5.94;4.6;0;0;57
15;1;0;2014-02-04 15:00:00;5.93;4.1;0;0;41
16;1;0;2014-02-04 16:00:00;5.31;4.1;0;0;52
17;1;0;2014-02-04 17:00:00;4.29;3.6;0;0;47
18;1;0;2014-02-04 18:00:00;2.99;2.6;0;0;68
19;1;0;2014-02-04 19:00:00;2.18;3.6;0;0;45
20;1;0;2014-02-04 20:00:00;1.97;3.6;0;0;4
21;1;0;2014-02-04 21:00:00;1.31;3.1;0;0;0
22;1;0;2014-02-04 22:00:00;0.34;2.6;0;0;0
23;1;0;2014-02-04 23:00:00;-0.25;2.1;0;0;0
0;1;0;2014-02-05 00:00:00;-0.49;2.1;0;0;0
1;1;0;2014-02-05 01:00:00;-0.56;2.1;0;0;0
2;1;0;2014-02-05 02:00:00;-1.06;2.1;0;0;0
3;1;0;2014-02-05 03:00:00;-1.19;3.6;0;0;0
4;1;0;2014-02-05 04:00:00;-1.46;2.6;0;0;0
5;1;0;2014-02-05 05:00:00;-1.94;2.6;0;0;0
6;1;0;2014-02-05 06:00:00;-1.95;3.6;0;0;0
7;1;0;2014-02-05 07:00:00;-2.02;4.1;0;0;1
8;1;0;2014-02-05 08:00:00;-1.64;4.6;0;0;0
9;1;0;2014-02-05 09:00:00;-0.75;3.1;0;0;11
10;1;0;2014-02-05 10:00:00;0.49;4.6;0;0;30
11;1;0;2014-02-05 11:00:00;1.92;4.6;0;0;24
12;1;0;2014-02-05 12:00:00;3.41;4.6;0;0;34
13;1;0;2014-02-05 13:00:00;4.31;4.1;0;0;49
14;1;0;2014-02-05 14:00:00;4.89;5.1;0;0;58
15;1;0;2014-02-05 15:00:00;5.07;4.6;0;0;54
16;1;0;2014-02-05 16:00:00;4.94;4.1;0;0;41
17;1;0;2014-02-05 17:00:00;3.34;2.6;0;0;56
18;1;0;2014-02-05 18:00:00;2.75;3.1;0;0;47
19;1;0;2014-02-05 19:00:00;2.25;3.6;0;0;44
20;1;0;2014-02-05 20:00:00;1.64;3.6;0;0;7
21;1;0;2014-02-05 21:00:00;1.45;3.1;0;0;0
22;1;0;2014-02-05 22:00:00;1.29;3.6;0;0;0
23;1;0;2014-02-05 23:00:00;1.62;4.1;0;0;0
0;1;0;2014-02-06 00:00:00;1.65;3.1;0;0;0
1;1;0;2014-02-06 01:00:00;1.69;3.1;0;0;0
2;1;0;2014-02-06 02:00:00;1.57;2.6;0;0;0
3;1;0;2014-02-06 03:00:00;1.6;3.1;0;0;0
4;1;0;2014-02-06 04:00:00;1.4;2.6;0;0;0
5;1;0;2014-02-06 05:00:00;1.48;2.6;0;0;0
6;1;0;2014-02-06 06:00:00;1.52;2.6;0;75;0
7;1;0;2014-02-06 07:00:00;2.16;3.1;0;75;0
8;1;0;2014-02-06 08:00:00;2.98;3.1;0;75;0
9;1;0;2014-02-06 09:00:00;3.7;3.1;0.25;75;6
10;1;0;2014-02-06 10:00:00;4.26;4.6;0;40;19
11;1;0;2014-02-06 11:00:00;7.02;5.1;0.1;0;23
12;1;0;2014-02-06 12:00:00;8.33;5.1;0;40;34
13;1;0;2014-02-06 13:00:00;9.41;3.6;0;75;58
14;1;0;2014-02-06 14:00:00;10.03;5.7;0;40;52
15;1;0;2014-02-06 15:00:00;9.69;5.1;0;40;40
16;1;0;2014-02-06 16:00:00;9.21;4.1;0;20;52
17;1;0;2014-02-06 17:00:00;6.98;3.6;0;20;56
18;1;0;2014-02-06 18:00:00;5.39;3.1;0;0;53
19;1;0;2014-02-06 19:00:00;4.53;3.1;0;0;44
20;1;0;2014-02-06 20:00:00;3.71;3.6;0;0;4
21;1;0;2014-02-06 21:00:00;3.47;3.6;0;0;0
22;1;0;2014-02-06 22:00:00;3.66;3.6;0;0;0
23;1;0;2014-02-06 23:00:00;4.08;3.1;0;0;0
0;1;0;2014-02-07 00:00:00;4.09;4.1;0;0;0
1;1;0;2014-02-07 01:00:00;3.95;5.1;0;0;0
2;1;0;2014-02-07 02:00:00;3.69;4.6;0;0;0
3;1;0;2014-02-07 03:00:00;4.23;5.1;0;0;0
4;1;0;2014-02-07 04:00:00;4.59;5.7;0;0;0
5;1;0;2014-02-07 05:00:00;5.02;5.7;0;0;0
6;1;0;2014-02-07 06:00:00;5;4.6;0;0;0
7;1;0;2014-02-07 07:00:00;5.04;5.1;0;90;0
8;1;0;2014-02-07 08:00:00;4.92;4.6;0;0;0
9;1;0;2014-02-07 09:00:00;5.05;4.1;0;75;17
10;1;0;2014-02-07 10:00:00;5.8;4.1;0;0;33
11;1;0;2014-02-07 11:00:00;6.42;4.6;0;75;29
12;1;0;2014-02-07 12:00:00;8.06;4.6;0;0;46
13;1;0;2014-02-07 13:00:00;9.34;4.6;0;0;60
14;1;0;2014-02-07 14:00:00;9.72;5.7;0;0;59
15;1;0;2014-02-07 15:00:00;11.04;4.6;0;0;52
16;1;0;2014-02-07 16:00:00;11.39;5.7;0;75;61
17;1;0;2014-02-07 17:00:00;11.56;7.2;0;75;63
18;1;0;2014-02-07 18:00:00;11.43;10.3;0;75;46
19;1;0;2014-02-07 19:00:00;10.89;11.3;0;0;37
20;1;0;2014-02-07 20:00:00;10.48;7.7;0;75;21
21;1;0;2014-02-07 21:00:00;9.94;10.8;0;75;0
22;1;0;2014-02-07 22:00:00;9.01;10.3;0;75;0
23;1;0;2014-02-07 23:00:00;7.87;8.2;0.1;75;0
0;1;1;2014-02-08 00:00:00;7.25;7.7;0;75;0
1;1;1;2014-02-08 01:00:00;6.93;6.2;0;75;0
2;1;1;2014-02-08 02:00:00;6.18;6.7;0;75;0
3;1;1;2014-02-08 03:00:00;5.04;4.1;0;0;0
4;1;1;2014-02-08 04:00:00;4.77;4.1;0;75;0
5;1;1;2014-02-08 05:00:00;4.38;4.1;0;75;0
6;1;1;2014-02-08 06:00:00;3.77;4.6;0;0;0
7;1;1;2014-02-08 07:00:00;2.82;4.1;0;0;0
8;1;1;2014-02-08 08:00:00;3.05;4.1;0;0;0
9;1;1;2014-02-08 09:00:00;4.05;4.6;0;0;4
10;1;1;2014-02-08 10:00:00;5.2;4.6;0;0;22
11;1;1;2014-02-08 11:00:00;6.53;4.6;0;0;64
12;1;1;2014-02-08 12:00:00;8.1;5.1;0;0;64
13;1;1;2014-02-08 13:00:00;9.12;6.2;0;0;119
14;1;1;2014-02-08 14:00:00;9.26;6.2;0;0;75
15;1;1;2014-02-08 15:00:00;9.04;4.6;0;0;88
16;1;1;2014-02-08 16:00:00;8.91;5.1;0;0;73
17;1;1;2014-02-08 17:00:00;8.62;4.1;0;0;66
18;1;1;2014-02-08 18:00:00;8.32;4.1;0;0;80
19;1;1;2014-02-08 19:00:00;8.05;3.6;0;0;46
20;1;1;2014-02-08 20:00:00;7.71;4.6;0;0;13
21;1;1;2014-02-08 21:00:00;7.07;5.1;0;75;0
22;1;1;2014-02-08 22:00:00;6.62;6.2;0;75;0
23;1;1;2014-02-08 23:00:00;6.2;5.7;0.1;75;0
0;1;0;2014-02-09 00:00:00;6;5.1;0.55;75;0
1;0;0;2014-02-09 01:00:00;6.02;5.7;0.45;75;0
2;0;0;2014-02-09 02:00:00;5.99;4.6;0.4;75;0
3;0;0;2014-02-09 03:00:00;6.04;5.1;0.3;75;0
4;0;0;2014-02-09 04:00:00;5.75;4.6;0;0;0
5;0;0;2014-02-09 05:00:00;5.77;5.7;0;0;0
6;0;0;2014-02-09 06:00:00;5.33;5.1;0;0;0
7;0;0;2014-02-09 07:00:00;4.82;6.2;0;0;0
8;0;0;2014-02-09 08:00:00;4.69;4.6;0;0;0
9;0;0;2014-02-09 09:00:00;5.05;5.1;0;0;0
10;0;0;2014-02-09 10:00:00;5.79;4.1;0;0;0
11;0;0;2014-02-09 11:00:00;7.13;6.2;0;40;0
12;0;0;2014-02-09 12:00:00;7.94;7.2;0;0;0
13;0;0;2014-02-09 13:00:00;8.6;7.7;0;75;0
14;0;0;2014-02-09 14:00:00;8.82;6.7;0;40;0
15;0;0;2014-02-09 15:00:00;9.3;6.7;0;40;0
16;0;0;2014-02-09 16:00:00;8.92;6.7;0;20;0
17;0;0;2014-02-09 17:00:00;8.41;6.2;0;40;0
18;0;0;2014-02-09 18:00:00;6.74;5.7;0;0;0
19;0;0;2014-02-09 19:00:00;5.89;4.1;0;0;0
20;0;0;2014-02-09 20:00:00;4.8;4.6;0;0;0
21;0;0;2014-02-09 21:00:00;4.56;3.1;0;0;0
22;0;0;2014-02-09 22:00:00;4.3;4.1;0;0;0
23;0;0;2014-02-09 23:00:00;3.45;4.1;0;0;0
0;0;0;2014-02-10 00:00:00;3.09;3.6;0;0;0
1;1;0;2014-02-10 01:00:00;2.95;3.6;0;0;0
2;1;0;2014-02-10 02:00:00;2.84;3.6;0;0;0
3;1;0;2014-02-10 03:00:00;2.31;2.6;0;0;0
4;1;0;2014-02-10 04:00:00;2.01;2.6;0;0;0
5;1;0;2014-02-10 05:00:00;0.84;2.6;0;0;0
6;1;0;2014-02-10 06:00:00;0.36;2.1;0;0;0
7;1;0;2014-02-10 07:00:00;0.5;2.6;0;0;0
8;1;0;2014-02-10 08:00:00;0.48;2.6;0;0;0
9;1;0;2014-02-10 09:00:00;1.77;4.1;0;0;13
10;1;0;2014-02-10 10:00:00;3.55;3.1;0;0;31
11;1;0;2014-02-10 11:00:00;5.74;3.1;0;0;46
12;1;0;2014-02-10 12:00:00;7.21;4.6;0;0;43
13;1;0;2014-02-10 13:00:00;9;4.1;0;0;45
14;1;0;2014-02-10 14:00:00;9.1;3.1;0;0;47
15;1;0;2014-02-10 15:00:00;9.6;4.6;0;0;61
16;1;0;2014-02-10 16:00:00;8.33;4.6;0;0;68
17;1;0;2014-02-10 17:00:00;7.21;4.6;0;0;67
18;1;0;2014-02-10 18:00:00;6.4;4.1;0;0;35
19;1;0;2014-02-10 19:00:00;5.91;4.6;0;0;24
20;1;0;2014-02-10 20:00:00;5.71;5.1;0;0;5
21;1;0;2014-02-10 21:00:00;5;5.1;0;0;0
22;1;0;2014-02-10 22:00:00;4.64;5.7;0;0;0
23;1;0;2014-02-10 23:00:00;4.06;4.1;0;0;0
0;1;0;2014-02-11 00:00:00;3.78;4.6;0;0;0
1;1;0;2014-02-11 01:00:00;3.71;4.6;0;0;0
2;1;0;2014-02-11 02:00:00;3.37;3.6;0;0;0
3;1;0;2014-02-11 03:00:00;3.06;3.1;0;0;0
4;1;0;2014-02-11 04:00:00;2.99;2.1;0;0;0
5;1;0;2014-02-11 05:00:00;2.43;1.5;0;0;0
6;1;0;2014-02-11 06:00:00;2.41;2.1;0;75;0
7;1;0;2014-02-11 07:00:00;3.64;5.1;0;75;0
8;1;0;2014-02-11 08:00:00;3.98;6.2;0;75;0
9;1;0;2014-02-11 09:00:00;4.27;6.2;0;75;8
10;1;0;2014-02-11 10:00:00;5.33;5.7;0;75;30
11;1;0;2014-02-11 11:00:00;5.87;7.7;0;75;26
12;1;0;2014-02-11 12:00:00;6.72;6.2;0;75;39
13;1;0;2014-02-11 13:00:00;7.92;5.7;0;75;53
14;1;0;2014-02-11 14:00:00;7.51;9.3;0.1;75;59
15;1;0;2014-02-11 15:00:00;6.93;6.7;0;75;59
16;1;0;2014-02-11 16:00:00;6.81;8.2;0;75;52
17;1;0;2014-02-11 17:00:00;6.53;5.7;0;75;49
18;1;0;2014-02-11 18:00:00;6.33;4.6;0;75;53
19;1;0;2014-02-11 19:00:00;5.99;4.6;0;0;21
20;1;0;2014-02-11 20:00:00;5.24;3.6;0;0;8
21;1;0;2014-02-11 21:00:00;4.58;5.1;0;0;0
22;1;0;2014-02-11 22:00:00;3.88;4.1;0;0;0
23;1;0;2014-02-11 23:00:00;3.35;3.6;0;0;0
0;1;0;2014-02-12 00:00:00;2.6;3.6;0;0;0
1;1;0;2014-02-12 01:00:00;2.3;3.6;0;0;0
2;1;0;2014-02-12 02:00:00;2.37;4.1;0;0;0
3;1;0;2014-02-12 03:00:00;3.05;2.6;0;0;0
4;1;0;2014-02-12 04:00:00;2.32;2.6;0;0;0
5;1;0;2014-02-12 05:00:00;1.79;2.1;0;0;0
6;1;0;2014-02-12 06:00:00;1.19;2.1;0;0;0
7;1;0;2014-02-12 07:00:00;1.63;2.6;0;75;0
8;1;0;2014-02-12 08:00:00;2.35;3.6;0;75;1
9;1;0;2014-02-12 09:00:00;3.5;3.1;0;75;8
10;1;0;2014-02-12 10:00:00;4.92;5.1;0;75;21
11;1;0;2014-02-12 11:00:00;6.43;4.6;0;75;39
12;1;0;2014-02-12 12:00:00;7.14;4.6;0;40;60
13;1;0;2014-02-12 13:00:00;7.62;4.6;0;75;56
14;1;0;2014-02-12 14:00:00;8.34;4.1;0;40;43
15;1;0;2014-02-12 15:00:00;8.23;5.1;0;40;56
16;1;0;2014-02-12 16:00:00;8.07;4.6;0;40;59
17;1;0;2014-02-12 17:00:00;6.46;3.1;0;20;49
18;1;0;2014-02-12 18:00:00;5.23;3.1;0;20;58
19;1;0;2014-02-12 19:00:00;4.13;3.6;0;0;41
20;1;0;2014-02-12 20:00:00;3.52;4.1;0;0;8
21;1;0;2014-02-12 21:00:00;2.53;3.6;0;0;0
22;1;0;2014-02-12 22:00:00;2.68;5.1;0;0;0
23;1;0;2014-02-12 23:00:00;2.21;3.6;0;0;0
0;1;0;2014-02-13 00:00:00;2.55;4.1;0;0;0
1;1;0;2014-02-13 01:00:00;2.3;4.1;0;0;0
2;1;0;2014-02-13 02:00:00;2.28;3.6;0;0;0
3;1;0;2014-02-13 03:00:00;1.46;4.1;0;0;0
4;1;0;2014-02-13 04:00:00;1.89;4.1;0;0;0
5;1;0;2014-02-13 05:00:00;2.45;4.1;0;0;0
6;1;0;2014-02-13 06:00:00;3.02;4.1;0;75;0
7;1;0;2014-02-13 07:00:00;3.44;4.6;0;0;0
8;1;0;2014-02-13 08:00:00;3.24;5.1;0;0;0
9;1;0;2014-02-13 09:00:00;4.9;4.1;0;75;8
10;1;0;2014-02-13 10:00:00;6.38;5.1;0;20;24
11;1;0;2014-02-13 11:00:00;7.99;5.7;0;20;33
12;1;0;2014-02-13 12:00:00;9.06;6.7;0;20;58
13;1;0;2014-02-13 13:00:00;10.18;5.1;0;20;52
14;1;0;2014-02-13 14:00:00;9.36;3.1;0;75;66
15;1;0;2014-02-13 15:00:00;9.08;4.1;0;75;54
16;1;0;2014-02-13 16:00:00;8.49;3.6;0;75;66
17;1;0;2014-02-13 17:00:00;8;3.1;0;0;61
18;1;0;2014-02-13 18:00:00;7.64;4.6;0;90;58
19;1;0;2014-02-13 19:00:00;7.56;4.6;0;90;45
20;1;0;2014-02-13 20:00:00;6.55;3.6;0;0;2
21;1;0;2014-02-13 21:00:00;5.38;3.6;0;75;0
22;1;0;2014-02-13 22:00:00;4.77;4.6;1;90;0
23;1;0;2014-02-13 23:00:00;4.88;2.1;0.5;75;0
0;1;0;2014-02-14 00:00:00;4.99;4.1;0;75;0
1;1;0;2014-02-14 01:00:00;4.58;5.1;0;75;0
2;1;0;2014-02-14 02:00:00;4.26;5.7;0.1;75;0
3;1;0;2014-02-14 03:00:00;4.26;7.2;0;75;0
4;1;0;2014-02-14 04:00:00;4.26;6.7;0;75;0
5;1;0;2014-02-14 05:00:00;4.12;6.7;0.1;75;0
6;1;0;2014-02-14 06:00:00;4.04;6.7;0.1;75;0
7;1;0;2014-02-14 07:00:00;4.24;6.7;0.2;75;0
8;1;0;2014-02-14 08:00:00;4.32;5.1;0;75;0
9;1;0;2014-02-14 09:00:00;4.46;6.7;0;75;11
10;1;0;2014-02-14 10:00:00;5.16;6.2;0;75;35
11;1;0;2014-02-14 11:00:00;6.26;5.7;0;75;44
12;1;0;2014-02-14 12:00:00;7.08;6.7;0;75;56
13;1;0;2014-02-14 13:00:00;8.18;5.7;0;75;69
14;1;0;2014-02-14 14:00:00;7.91;4.6;0;75;73
15;1;0;2014-02-14 15:00:00;8.25;4.6;0.25;75;68
16;1;0;2014-02-14 16:00:00;8.41;4.6;0;75;81
17;1;0;2014-02-14 17:00:00;7.16;2.6;0;75;78
18;1;0;2014-02-14 18:00:00;4.9;2.6;0;40;76
19;1;0;2014-02-14 19:00:00;3.9;2.6;0;0;69
20;1;0;2014-02-14 20:00:00;3.51;3.1;0;0;29
21;1;0;2014-02-14 21:00:00;3.89;3.6;0;0;0
22;1;0;2014-02-14 22:00:00;4.08;4.1;0;0;0
23;1;0;2014-02-14 23:00:00;4.09;4.6;0;0;0
0;1;1;2014-02-15 00:00:00;3.92;5.1;0;0;0
1;1;1;2014-02-15 01:00:00;4.49;5.7;0;0;0
2;1;1;2014-02-15 02:00:00;4.75;5.1;0;0;0
3;1;1;2014-02-15 03:00:00;5.33;5.1;0;0;0
4;1;1;2014-02-15 04:00:00;5.12;6.7;0;75;0
5;1;1;2014-02-15 05:00:00;5.68;6.7;0;75;0
6;1;1;2014-02-15 06:00:00;5.86;5.7;0.1;0;0
7;1;1;2014-02-15 07:00:00;6.04;5.7;0;0;0
8;1;1;2014-02-15 08:00:00;6.01;5.7;0;0;0
9;1;1;2014-02-15 09:00:00;6.71;5.7;0;0;5
10;1;1;2014-02-15 10:00:00;8.46;5.1;0;0;14
11;1;1;2014-02-15 11:00:00;9.91;5.7;0;0;57
12;1;1;2014-02-15 12:00:00;10.66;5.1;0;0;61
13;1;1;2014-02-15 13:00:00;10.88;4.6;0;0;86
14;1;1;2014-02-15 14:00:00;10.87;5.1;0;0;92
15;1;1;2014-02-15 15:00:00;10.81;5.1;0;0;74
16;1;1;2014-02-15 16:00:00;10.47;4.6;0;0;95
17;1;1;2014-02-15 17:00:00;10.38;5.1;0;75;75
18;1;1;2014-02-15 18:00:00;9.69;5.7;0;0;47
19;1;1;2014-02-15 19:00:00;9.31;5.7;0;0;50
20;1;1;2014-02-15 20:00:00;9.18;5.1;0;0;27
21;1;1;2014-02-15 21:00:00;8.8;4.6;0;0;0
22;1;1;2014-02-15 22:00:00;8.95;4.1;0;0;0
23;1;1;2014-02-15 23:00:00;8.95;5.1;0;0;0
0;1;0;2014-02-16 00:00:00;8.47;6.2;0;0;0
1;0;0;2014-02-16 01:00:00;8.59;6.2;0;0;0
2;0;0;2014-02-16 02:00:00;8.17;5.1;0;0;0
3;0;0;2014-02-16 03:00:00;7.94;5.1;0;0;0
4;0;0;2014-02-16 04:00:00;7.6;5.7;0;0;0
5;0;0;2014-02-16 05:00:00;7.48;6.2;0;75;0
6;0;0;2014-02-16 06:00:00;7.57;4.6;0;75;0
7;0;0;2014-02-16 07:00:00;7.43;6.7;0;75;0
8;0;0;2014-02-16 08:00:00;7.46;6.7;0;75;0
9;0;0;2014-02-16 09:00:00;7.79;6.7;0;40;0
10;0;0;2014-02-16 10:00:00;9;9.8;0;40;0
11;0;0;2014-02-16 11:00:00;9.38;9.8;0;40;0
12;0;0;2014-02-16 12:00:00;9.35;9.8;0;40;0
13;0;0;2014-02-16 13:00:00;9.77;10.8;0;40;0
14;0;0;2014-02-16 14:00:00;10.22;9.8;0;40;0
15;0;0;2014-02-16 15:00:00;10.03;9.3;0;40;0
16;0;0;2014-02-16 16:00:00;9.24;11.8;0;75;0
17;0;0;2014-02-16 17:00:00;8.38;6.2;0;75;0
18;0;0;2014-02-16 18:00:00;7.14;5.7;0;40;0
19;0;0;2014-02-16 19:00:00;6.37;5.1;0;0;0
20;0;0;2014-02-16 20:00:00;5.88;5.1;0;0;0
21;0;0;2014-02-16 21:00:00;5.57;5.1;0;0;0
22;0;0;2014-02-16 22:00:00;4.9;3.6;0;0;0
23;0;0;2014-02-16 23:00:00;4.34;4.1;0;0;0
0;0;0;2014-02-17 00:00:00;3.63;5.1;0;0;0
1;1;0;2014-02-17 01:00:00;3.41;4.6;0;0;0
2;1;0;2014-02-17 02:00:00;2.86;3.6;0;0;0
3;1;0;2014-02-17 03:00:00;2.65;3.1;0;0;0
4;1;0;2014-02-17 04:00:00;2.05;4.1;0;0;0
5;1;0;2014-02-17 05:00:00;1.95;3.6;0;0;0
6;1;0;2014-02-17 06:00:00;1.82;3.1;0;0;0
7;1;0;2014-02-17 07:00:00;0.97;2.6;0;0;0
8;1;0;2014-02-17 08:00:00;1.6;3.1;0;0;0
9;1;0;2014-02-17 09:00:00;3.37;3.1;0;0;4
10;1;0;2014-02-17 10:00:00;5.08;4.6;0;0;28
11;1;0;2014-02-17 11:00:00;7.15;4.6;0;40;34
12;1;0;2014-02-17 12:00:00;8.35;5.1;0;75;45
13;1;0;2014-02-17 13:00:00;9.29;5.1;0;75;47
14;1;0;2014-02-17 14:00:00;10.03;5.7;0;75;51
15;1;0;2014-02-17 15:00:00;10.8;5.7;0;75;52
16;1;0;2014-02-17 16:00:00;10.12;5.1;0;75;45
17;1;0;2014-02-17 17:00:00;9.42;5.1;0;75;60
18;1;0;2014-02-17 18:00:00;8.31;4.1;0;75;53
19;1;0;2014-02-17 19:00:00;7.84;3.6;0;75;18
20;1;0;2014-02-17 20:00:00;7.53;3.6;0;40;10
21;1;0;2014-02-17 21:00:00;7.05;3.1;0;20;0
22;1;0;2014-02-17 22:00:00;6.21;2.1;0;75;0
23;1;0;2014-02-17 23:00:00;5.64;1.5;0;0;0
0;1;0;2014-02-18 00:00:00;4.7;1;0;0;0
1;1;0;2014-02-18 01:00:00;4.32;1;0;0;0
2;1;0;2014-02-18 02:00:00;3.11;1;0;0;0
3;1;0;2014-02-18 03:00:00;2.11;1;0;0;0
4;1;0;2014-02-18 04:00:00;1.52;0.5;0;0;0
5;1;0;2014-02-18 05:00:00;1.07;1;0;0;0
6;1;0;2014-02-18 06:00:00;0.9;1;0;0;0
7;1;0;2014-02-18 07:00:00;0.8;1.5;0;0;0
8;1;0;2014-02-18 08:00:00;1.56;1.5;0;0;0
9;1;0;2014-02-18 09:00:00;3.08;2.6;0;0;7
10;1;0;2014-02-18 10:00:00;5.03;2.1;0;0;24
11;1;0;2014-02-18 11:00:00;7.6;2.6;0;0;27
12;1;0;2014-02-18 12:00:00;8.97;3.1;0;0;47
13;1;0;2014-02-18 13:00:00;8.97;3.6;0;0;45
14;1;0;2014-02-18 14:00:00;8.52;3.1;0;0;42
15;1;0;2014-02-18 15:00:00;8.06;3.1;0;0;58
16;1;0;2014-02-18 16:00:00;7.64;3.1;0;0;62
17;1;0;2014-02-18 17:00:00;6.84;3.1;0;0;71
18;1;0;2014-02-18 18:00:00;6.28;3.1;0;0;48
19;1;0;2014-02-18 19:00:00;5.69;3.1;0;0;44
20;1;0;2014-02-18 20:00:00;5.37;3.1;0;0;14
21;1;0;2014-02-18 21:00:00;5.26;3.1;0;0;3
22;1;0;2014-02-18 22:00:00;4.6;2.6;0;0;0
23;1;0;2014-02-18 23:00:00;4.09;3.1;0;0;0
0;1;0;2014-02-19 00:00:00;3.53;2.1;0;0;0
1;1;0;2014-02-19 01:00:00;3.13;2.1;0;0;0
2;1;0;2014-02-19 02:00:00;3.33;2.6;0;0;0
3;1;0;2014-02-19 03:00:00;3.08;2.1;0;0;0
4;1;0;2014-02-19 04:00:00;3.39;0.5;0;0;0
5;1;0;2014-02-19 05:00:00;3.56;1.5;0;0;0
6;1;0;2014-02-19 06:00:00;3.5;2.1;0;0;0
7;1;0;2014-02-19 07:00:00;3.94;4.1;0;0;1
8;1;0;2014-02-19 08:00:00;4.13;3.1;0;0;2
9;1;0;2014-02-19 09:00:00;4.87;3.6;0;75;9
10;1;0;2014-02-19 10:00:00;5.83;3.1;0;75;24
11;1;0;2014-02-19 11:00:00;6.45;4.1;0;75;40
12;1;0;2014-02-19 12:00:00;7.37;4.1;0;75;45
13;1;0;2014-02-19 13:00:00;7.89;6.2;0;75;49
14;1;0;2014-02-19 14:00:00;8.15;5.1;0;75;52
15;1;0;2014-02-19 15:00:00;8.23;4.6;0;75;70
16;1;0;2014-02-19 16:00:00;8.2;2.6;0;75;45
17;1;0;2014-02-19 17:00:00;8.13;3.1;0;75;71
18;1;0;2014-02-19 18:00:00;7.64;1.5;0;75;57
19;1;0;2014-02-19 19:00:00;7.81;2.1;0;75;38
20;1;0;2014-02-19 20:00:00;7.19;4.1;0;75;2
21;1;0;2014-02-19 21:00:00;7.06;2.1;0;75;2
22;1;0;2014-02-19 22:00:00;6.85;4.1;0;75;0
23;1;0;2014-02-19 23:00:00;6.54;3.1;0;75;0
0;1;0;2014-02-20 00:00:00;6.19;2.1;0;0;0
1;1;0;2014-02-20 01:00:00;6.46;3.6;0;0;0
2;1;0;2014-02-20 02:00:00;6.14;3.6;0;0;0
3;1;0;2014-02-20 03:00:00;5.49;4.1;0;0;0
4;1;0;2014-02-20 04:00:00;4.78;3.6;0;0;0
5;1;0;2014-02-20 05:00:00;4.82;3.6;0;75;0
6;1;0;2014-02-20 06:00:00;4.85;2.6;0;0;0
7;1;0;2014-02-20 07:00:00;5.22;3.6;0;0;0
8;1;0;2014-02-20 08:00:00;5.02;2.1;0;0;0
9;1;0;2014-02-20 09:00:00;5.81;2.1;0;75;16
10;1;0;2014-02-20 10:00:00;6.9;2.6;0;75;32
11;1;0;2014-02-20 11:00:00;7.77;2.1;0;75;26
12;1;0;2014-02-20 12:00:00;8.89;4.1;0;75;46
13;1;0;2014-02-20 13:00:00;9.62;3.1;0;75;61
14;1;0;2014-02-20 14:00:00;10.21;3.6;0;75;38
15;1;0;2014-02-20 15:00:00;10.31;4.1;0;20;37
16;1;0;2014-02-20 16:00:00;10.57;2.6;0;75;51
17;1;0;2014-02-20 17:00:00;9.86;4.6;0;75;66
18;1;0;2014-02-20 18:00:00;8.6;3.6;0;0;44
19;1;0;2014-02-20 19:00:00;7.39;3.6;0;0;38
20;1;0;2014-02-20 20:00:00;7.09;3.1;0;0;5
21;1;0;2014-02-20 21:00:00;6.86;4.6;0;0;0
22;1;0;2014-02-20 22:00:00;6.12;4.6;0;0;0
23;1;0;2014-02-20 23:00:00;5.46;4.1;0;0;0
0;1;0;2014-02-21 00:00:00;5.03;4.6;0;0;0
1;1;0;2014-02-21 01:00:00;4.81;4.6;0;0;0
2;1;0;2014-02-21 02:00:00;4.14;4.6;0;0;0
3;1;0;2014-02-21 03:00:00;4.75;4.6;0;0;0
4;1;0;2014-02-21 04:00:00;5.61;3.6;0;75;0
5;1;0;2014-02-21 05:00:00;6.47;3.6;0;75;0
6;1;0;2014-02-21 06:00:00;6.83;3.6;0;75;0
7;1;0;2014-02-21 07:00:00;6.9;4.6;0;75;0
8;1;0;2014-02-21 08:00:00;7.12;4.1;0;75;0
9;1;0;2014-02-21 09:00:00;6.82;3.1;0;75;6
10;1;0;2014-02-21 10:00:00;6.27;3.6;0;75;23
11;1;0;2014-02-21 11:00:00;6.63;3.1;1.1;75;27
12;1;0;2014-02-21 12:00:00;7.61;3.1;1.3;75;47
13;1;0;2014-02-21 13:00:00;8.97;5.1;0;75;47
14;1;0;2014-02-21 14:00:00;9.57;3.6;0;75;40
15;1;0;2014-02-21 15:00:00;10.45;2.6;0;75;58
16;1;0;2014-02-21 16:00:00;10.29;4.1;0;75;50
17;1;0;2014-02-21 17:00:00;8.5;2.1;8.64;75;52
18;1;0;2014-02-21 18:00:00;8.37;1;8.64;75;68
19;1;0;2014-02-21 19:00:00;7.54;2.6;0;75;39
20;1;0;2014-02-21 20:00:00;7.38;3.1;0;0;13
21;1;0;2014-02-21 21:00:00;7.2;5.7;0.1;75;0
22;1;0;2014-02-21 22:00:00;6.72;5.1;0;75;0
23;1;0;2014-02-21 23:00:00;5.68;4.1;0;20;0
0;1;1;2014-02-22 00:00:00;4.55;3.1;0;75;0
1;1;1;2014-02-22 01:00:00;3.83;3.6;0;0;0
2;1;1;2014-02-22 02:00:00;2.88;2.6;0;0;0
3;1;1;2014-02-22 03:00:00;2.48;3.1;0;0;0
4;1;1;2014-02-22 04:00:00;2.41;1.5;0;20;0
5;1;1;2014-02-22 05:00:00;3.35;2.1;0;0;0
6;1;1;2014-02-22 06:00:00;3.05;2.1;0;0;0
7;1;1;2014-02-22 07:00:00;1.06;2.1;0;0;0
8;1;1;2014-02-22 08:00:00;1.69;2.6;0;0;0
9;1;1;2014-02-22 09:00:00;3.35;3.6;0;0;2
10;1;1;2014-02-22 10:00:00;5.33;4.1;0;0;21
11;1;1;2014-02-22 11:00:00;7.06;4.6;0;0;54
12;1;1;2014-02-22 12:00:00;8.99;4.6;0;20;55
13;1;1;2014-02-22 13:00:00;10.13;5.7;0;20;70
14;1;1;2014-02-22 14:00:00;10.27;6.7;0;40;90
15;1;1;2014-02-22 15:00:00;9.86;5.7;0;40;80
16;1;1;2014-02-22 16:00:00;9.8;6.7;0;40;104
17;1;1;2014-02-22 17:00:00;8.63;4.6;0;20;88
18;1;1;2014-02-22 18:00:00;7.51;4.6;0;75;71
19;1;1;2014-02-22 19:00:00;7.28;3.1;0;75;41
20;1;1;2014-02-22 20:00:00;6.51;3.1;0;0;16
21;1;1;2014-02-22 21:00:00;6.19;3.1;0;0;0
22;1;1;2014-02-22 22:00:00;5.69;4.1;0;0;0
23;1;1;2014-02-22 23:00:00;5.64;3.1;0;0;0
0;1;0;2014-02-23 00:00:00;5.49;2.6;0;75;0
1;0;0;2014-02-23 01:00:00;5.5;2.6;0;75;0
2;0;0;2014-02-23 02:00:00;5.23;2.6;0;0;0
3;0;0;2014-02-23 03:00:00;4.91;1.5;0;0;0
4;0;0;2014-02-23 04:00:00;4.1;1;0;0;0
5;0;0;2014-02-23 05:00:00;3.21;1.5;0;0;0
6;0;0;2014-02-23 06:00:00;2.13;2.1;0;0;0
7;0;0;2014-02-23 07:00:00;1.85;2.1;0;0;0
8;0;0;2014-02-23 08:00:00;1.95;2.1;0;0;0
9;0;0;2014-02-23 09:00:00;3.76;2.6;0;0;0
10;0;0;2014-02-23 10:00:00;6.43;2.1;0;0;0
11;0;0;2014-02-23 11:00:00;8.25;4.6;0;0;0
12;0;0;2014-02-23 12:00:00;9.09;3.6;0;20;0
13;0;0;2014-02-23 13:00:00;9.72;5.1;0;40;1
14;0;0;2014-02-23 14:00:00;10.12;4.1;0;20;0
15;0;0;2014-02-23 15:00:00;10.18;4.1;0;20;0
16;0;0;2014-02-23 16:00:00;10.13;5.1;0;20;0
17;0;0;2014-02-23 17:00:00;9.55;4.6;0;0;0
18;0;0;2014-02-23 18:00:00;6.95;3.1;0;0;1
19;0;0;2014-02-23 19:00:00;5.95;1.5;0;0;0
20;0;0;2014-02-23 20:00:00;5.35;2.6;0;0;0
21;0;0;2014-02-23 21:00:00;4.88;3.1;0;0;0
22;0;0;2014-02-23 22:00:00;4.83;2.6;0;0;0
23;0;0;2014-02-23 23:00:00;4.14;1.5;0;0;0
0;0;0;2014-02-24 00:00:00;3.55;1.5;0;0;0
1;1;0;2014-02-24 01:00:00;2.67;2.1;0;0;0
2;1;0;2014-02-24 02:00:00;2.46;1;0;0;0
3;1;0;2014-02-24 03:00:00;2.04;1.5;0;0;0
4;1;0;2014-02-24 04:00:00;1.61;1;0;0;0
5;1;0;2014-02-24 05:00:00;1.52;1;0;0;0
6;1;0;2014-02-24 06:00:00;0.59;2.1;0;0;0
7;1;0;2014-02-24 07:00:00;0.56;2.6;0;0;0
8;1;0;2014-02-24 08:00:00;1.9;3.1;0;0;0
9;1;0;2014-02-24 09:00:00;4.58;3.6;0;0;4
10;1;0;2014-02-24 10:00:00;7.4;3.6;0;0;26
11;1;0;2014-02-24 11:00:00;9.86;4.6;0;0;30
12;1;0;2014-02-24 12:00:00;10.88;6.7;0;0;40
13;1;0;2014-02-24 13:00:00;11.85;6.2;0;0;50
14;1;0;2014-02-24 14:00:00;12.53;6.7;0;0;35
15;1;0;2014-02-24 15:00:00;12.85;6.2;0;0;48
16;1;0;2014-02-24 16:00:00;12.3;5.7;0;0;61
17;1;0;2014-02-24 17:00:00;11.41;4.6;25.15;0;47
18;1;0;2014-02-24 18:00:00;9.41;4.6;0;0;51
19;1;0;2014-02-24 19:00:00;8.07;4.1;0;0;31
20;1;0;2014-02-24 20:00:00;7.67;6.7;0;0;5
21;1;0;2014-02-24 21:00:00;6.62;6.2;0;0;0
22;1;0;2014-02-24 22:00:00;5.75;5.1;0;0;0
23;1;0;2014-02-24 23:00:00;4.77;4.6;0;0;0
0;1;0;2014-02-25 00:00:00;4.07;5.1;0;0;0
1;1;0;2014-02-25 01:00:00;3.2;4.1;0;0;0
2;1;0;2014-02-25 02:00:00;2.69;4.1;0;0;0
3;1;0;2014-02-25 03:00:00;2.24;3.6;0;0;0
4;1;0;2014-02-25 04:00:00;1.84;3.6;0;0;0
5;1;0;2014-02-25 05:00:00;1.57;3.6;0;0;0
6;1;0;2014-02-25 06:00:00;1.08;3.6;0;0;0
7;1;0;2014-02-25 07:00:00;0.77;2.6;0;0;0
8;1;0;2014-02-25 08:00:00;1.88;3.6;0;0;2
9;1;0;2014-02-25 09:00:00;4.27;3.1;0;0;8
10;1;0;2014-02-25 10:00:00;6.15;3.6;0;0;12
11;1;0;2014-02-25 11:00:00;8.83;3.6;0;0;27
12;1;0;2014-02-25 12:00:00;10.57;3.6;0.51;0;42
13;1;0;2014-02-25 13:00:00;12.05;3.6;0;0;25
14;1;0;2014-02-25 14:00:00;13.27;4.6;0;0;47
15;1;0;2014-02-25 15:00:00;13.58;4.1;0;0;51
16;1;0;2014-02-25 16:00:00;13.27;4.1;0;0;49
17;1;0;2014-02-25 17:00:00;11.69;4.6;0;0;52
18;1;0;2014-02-25 18:00:00;9.75;3.1;0;0;57
19;1;0;2014-02-25 19:00:00;9.07;4.1;0;0;39
20;1;0;2014-02-25 20:00:00;8.5;3.6;0;0;2
21;1;0;2014-02-25 21:00:00;7.54;3.1;40.39;0;0
22;1;0;2014-02-25 22:00:00;6.48;3.1;0;0;0
23;1;0;2014-02-25 23:00:00;5.41;2.1;0;0;0
0;1;0;2014-02-26 00:00:00;4.77;2.1;0;0;0
1;1;0;2014-02-26 01:00:00;4.34;1.5;0;0;0
2;1;0;2014-02-26 02:00:00;3.93;2.6;0;0;0
3;1;0;2014-02-26 03:00:00;3.6;2.1;0;0;0
4;1;0;2014-02-26 04:00:00;2.92;1.5;0;0;0
5;1;0;2014-02-26 05:00:00;2.58;1.5;0;0;0
6;1;0;2014-02-26 06:00:00;2.17;1.5;0;0;0
7;1;0;2014-02-26 07:00:00;2.58;1.5;0;0;0
8;1;0;2014-02-26 08:00:00;4.46;1.5;0;0;0
9;1;0;2014-02-26 09:00:00;6.05;2.1;0;0;11
10;1;0;2014-02-26 10:00:00;8.43;3.1;0;0;33
11;1;0;2014-02-26 11:00:00;10.56;2.6;0;0;22
12;1;0;2014-02-26 12:00:00;12.07;1.5;0;0;36
13;1;0;2014-02-26 13:00:00;12.92;2.6;0;0;57
14;1;0;2014-02-26 14:00:00;13.2;2.1;1.5;0;41
15;1;0;2014-02-26 15:00:00;13.47;1.5;17.02;0;63
16;1;0;2014-02-26 16:00:00;13.41;1.5;38.61;0;63
17;1;0;2014-02-26 17:00:00;12.54;2.6;0;0;53
18;1;0;2014-02-26 18:00:00;10.05;2.1;0;0;50
19;1;0;2014-02-26 19:00:00;8.46;2.1;0;0;35
20;1;0;2014-02-26 20:00:00;7.28;0.5;0;0;2
21;1;0;2014-02-26 21:00:00;6.76;2.6;11.46;0;0
22;1;0;2014-02-26 22:00:00;5.97;1;43.4;0;0
23;1;0;2014-02-26 23:00:00;5.66;1.5;37.2;0;0
0;1;0;2014-02-27 00:00:00;4.55;0.5;2.42;0;0
1;1;0;2014-02-27 01:00:00;3.97;2.1;89.92;0;0
2;1;0;2014-02-27 02:00:00;3.79;0.5;1.17;0;0
3;1;0;2014-02-27 03:00:00;2.6;0.5;40.13;0;0
4;1;0;2014-02-27 04:00:00;2.97;0.5;1.94;0;0
5;1;0;2014-02-27 05:00:00;2.92;0.5;21.59;0;0
6;1;0;2014-02-27 06:00:00;2.72;0.5;32.26;0;0
7;1;0;2014-02-27 07:00:00;2.95;1.5;2.14;0;0
8;1;0;2014-02-27 08:00:00;3.33;1.5;2.14;0;0
9;1;0;2014-02-27 09:00:00;4.7;1.5;0;0;12
10;1;0;2014-02-27 10:00:00;5.94;0.5;0;0;31
11;1;0;2014-02-27 11:00:00;7.97;1;0;0;37
12;1;0;2014-02-27 12:00:00;8.97;2.1;0;0;40
13;1;0;2014-02-27 13:00:00;10.41;1.5;0;0;48
14;1;0;2014-02-27 14:00:00;10.82;1.5;0;0;47
15;1;0;2014-02-27 15:00:00;10.92;1.5;0;0;64
16;1;0;2014-02-27 16:00:00;10.65;2.6;0;0;55
17;1;0;2014-02-27 17:00:00;10;2.1;0;0;46
18;1;0;2014-02-27 18:00:00;8.64;2.6;0;0;49
19;1;0;2014-02-27 19:00:00;7.43;2.6;0;0;43
20;1;0;2014-02-27 20:00:00;7.28;2.6;0;40;4
21;1;0;2014-02-27 21:00:00;7.14;3.1;0;0;3
22;1;0;2014-02-27 22:00:00;7.17;2.1;0;0;0
23;1;0;2014-02-27 23:00:00;7.02;2.6;0;0;0
0;1;0;2014-02-28 00:00:00;7.22;3.6;0;0;0
1;1;0;2014-02-28 01:00:00;6.87;3.1;0;75;0
2;1;0;2014-02-28 02:00:00;5.95;2.1;0.5;0;0
3;1;0;2014-02-28 03:00:00;6.01;3.1;0;0;0
4;1;0;2014-02-28 04:00:00;5.9;3.1;0;0;0
5;1;0;2014-02-28 05:00:00;4.57;2.6;0;75;0
6;1;0;2014-02-28 06:00:00;3.93;3.6;0;0;0
7;1;0;2014-02-28 07:00:00;3.32;2.1;0;0;0
8;1;0;2014-02-28 08:00:00;3.38;3.1;0;0;1
9;1;0;2014-02-28 09:00:00;4.48;2.6;0;0;6
10;1;0;2014-02-28 10:00:00;5.47;2.1;0;75;21
11;1;0;2014-02-28 11:00:00;7.18;3.1;0;75;43
12;1;0;2014-02-28 12:00:00;7.59;3.6;0;75;67
13;1;0;2014-02-28 13:00:00;6.83;3.1;0;75;45
14;1;0;2014-02-28 14:00:00;7.38;3.6;0;75;49
15;1;0;2014-02-28 15:00:00;7.42;4.1;0;75;51
16;1;0;2014-02-28 16:00:00;7.27;3.6;0;75;61
17;1;0;2014-02-28 17:00:00;6.87;3.1;0;75;68
18;1;0;2014-02-28 18:00:00;6.58;3.1;0;75;59
19;1;0;2014-02-28 19:00:00;6.25;2.6;0;75;50
20;1;0;2014-02-28 20:00:00;4.88;2.1;0;20;8
21;1;0;2014-02-28 21:00:00;3.71;0.5;0;0;0
22;1;0;2014-02-28 22:00:00;2.93;0.5;0;0;0
23;1;0;2014-02-28 23:00:00;2.11;0.5;0;0;0
0;1;1;2014-03-01 00:00:00;1.56;0.5;0;75;0
1;1;1;2014-03-01 01:00:00;0.92;0.5;0;20;0
2;1;1;2014-03-01 02:00:00;0.48;0.5;0;20;0
3;1;1;2014-03-01 03:00:00;0.12;0.5;0;0;0
4;1;1;2014-03-01 04:00:00;-0.2;0.5;0;0;0
5;1;1;2014-03-01 05:00:00;-0.62;0.5;0;0;0
6;1;1;2014-03-01 06:00:00;-0.68;1;0;0;0
7;1;1;2014-03-01 07:00:00;-0.45;0.5;0;0;0
8;1;1;2014-03-01 08:00:00;0.52;1.5;0;0;0
9;1;1;2014-03-01 09:00:00;2.83;2.6;0;0;4
10;1;1;2014-03-01 10:00:00;4.25;3.6;0;0;28
11;1;1;2014-03-01 11:00:00;5.65;2.1;0;0;46
12;1;1;2014-03-01 12:00:00;7.57;2.1;0;0;64
13;1;1;2014-03-01 13:00:00;9.12;2.6;0;0;58
14;1;1;2014-03-01 14:00:00;10;2.6;0;0;97
15;1;1;2014-03-01 15:00:00;10.82;3.1;0;0;85
16;1;1;2014-03-01 16:00:00;10.99;4.1;0;0;98
17;1;1;2014-03-01 17:00:00;9.76;3.6;85.6;0;80
18;1;1;2014-03-01 18:00:00;8.78;4.1;74.93;0;62
19;1;1;2014-03-01 19:00:00;7.57;3.1;0;0;38
20;1;1;2014-03-01 20:00:00;6.87;4.6;0;0;17
21;1;1;2014-03-01 21:00:00;5.92;4.1;0;0;0
22;1;1;2014-03-01 22:00:00;5.33;4.1;0;0;0
23;1;1;2014-03-01 23:00:00;4.8;4.6;0;0;0
0;1;0;2014-03-02 00:00:00;4.49;3.6;0;0;0
1;0;0;2014-03-02 01:00:00;4.04;3.6;0;0;0
2;0;0;2014-03-02 02:00:00;3.3;3.1;0;75;0
3;0;0;2014-03-02 03:00:00;3.15;2.1;0;75;0
4;0;0;2014-03-02 04:00:00;2.17;0.5;0;75;0
5;0;0;2014-03-02 05:00:00;1.08;1.5;0;75;0
6;0;0;2014-03-02 06:00:00;0.76;0.5;0;75;0
7;0;0;2014-03-02 07:00:00;0.76;1;0;0;0
8;0;0;2014-03-02 08:00:00;1.53;1;0;0;0
9;0;0;2014-03-02 09:00:00;3.07;2.6;0;0;0
10;0;0;2014-03-02 10:00:00;4.59;2.6;0;0;0
11;0;0;2014-03-02 11:00:00;6.76;2.6;0;0;0
12;0;0;2014-03-02 12:00:00;8.34;3.6;0;0;0
13;0;0;2014-03-02 13:00:00;8.6;3.6;0;0;0
14;0;0;2014-03-02 14:00:00;9.11;2.1;0;0;0
15;0;0;2014-03-02 15:00:00;9.96;2.1;0;0;0
16;0;0;2014-03-02 16:00:00;9.85;0.5;0;75;0
17;0;0;2014-03-02 17:00:00;9.54;1;0;0;0
18;0;0;2014-03-02 18:00:00;8.68;1;0;0;0
19;0;0;2014-03-02 19:00:00;6.31;1;0;0;0
20;0;0;2014-03-02 20:00:00;5.13;0;0;0;0
21;0;0;2014-03-02 21:00:00;3.68;0.5;0;0;0
22;0;0;2014-03-02 22:00:00;3.53;0.5;0;0;0
23;0;0;2014-03-02 23:00:00;2.84;1;0;0;0
0;0;0;2014-03-03 00:00:00;2.41;1.5;0;0;0
1;1;0;2014-03-03 01:00:00;2.86;2.1;0;0;0
2;1;0;2014-03-03 02:00:00;2.97;1;0;0;0
3;1;0;2014-03-03 03:00:00;3.09;2.6;0;0;0
4;1;0;2014-03-03 04:00:00;2.86;3.6;0;0;0
5;1;0;2014-03-03 05:00:00;2.42;4.1;0;0;0
6;1;0;2014-03-03 06:00:00;1.76;4.6;0;0;0
7;1;0;2014-03-03 07:00:00;1.7;5.1;0;0;0
8;1;0;2014-03-03 08:00:00;1.84;5.7;0;0;0
9;1;0;2014-03-03 09:00:00;2.34;6.7;0;75;23
10;1;0;2014-03-03 10:00:00;3.54;8.2;0;0;29
11;1;0;2014-03-03 11:00:00;4.3;5.7;0;0;40
12;1;0;2014-03-03 12:00:00;6.87;7.7;0;0;39
13;1;0;2014-03-03 13:00:00;8.18;7.7;0;0;41
14;1;0;2014-03-03 14:00:00;8.99;7.7;0;0;63
15;1;0;2014-03-03 15:00:00;9.82;7.7;0;0;61
16;1;0;2014-03-03 16:00:00;10.19;7.7;0;0;78
17;1;0;2014-03-03 17:00:00;10.05;6.2;0;0;56
18;1;0;2014-03-03 18:00:00;8.63;5.1;0;0;66
19;1;0;2014-03-03 19:00:00;7.69;4.6;0;0;31
20;1;0;2014-03-03 20:00:00;7.38;6.7;0;0;6
21;1;0;2014-03-03 21:00:00;6.56;6.2;0;0;0
22;1;0;2014-03-03 22:00:00;6.12;4.6;0;0;0
23;1;0;2014-03-03 23:00:00;5.18;3.6;0;0;0
0;1;0;2014-03-04 00:00:00;4.92;4.1;0;0;0
1;1;0;2014-03-04 01:00:00;4.13;3.6;0;0;0
2;1;0;2014-03-04 02:00:00;4.19;2.6;0;0;0
3;1;0;2014-03-04 03:00:00;3.97;2.1;0;0;0
4;1;0;2014-03-04 04:00:00;4.17;2.1;0;0;0
5;1;0;2014-03-04 05:00:00;3.85;2.1;0;0;0
6;1;0;2014-03-04 06:00:00;3.53;2.1;0;0;0
7;1;0;2014-03-04 07:00:00;3.86;1.5;0;0;0
8;1;0;2014-03-04 08:00:00;4.72;3.1;0;0;0
9;1;0;2014-03-04 09:00:00;5.65;3.6;0;75;11
10;1;0;2014-03-04 10:00:00;5.76;3.6;0;75;38
11;1;0;2014-03-04 11:00:00;6.56;3.6;0;75;43
12;1;0;2014-03-04 12:00:00;7.7;2.1;0;0;61
13;1;0;2014-03-04 13:00:00;9.43;2.6;0;0;55
14;1;0;2014-03-04 14:00:00;10.99;1.5;0;0;60
15;1;0;2014-03-04 15:00:00;11.23;2.1;0;75;41
16;1;0;2014-03-04 16:00:00;10.09;5.1;0;0;59
17;1;0;2014-03-04 17:00:00;8.46;4.6;0;0;72
18;1;0;2014-03-04 18:00:00;7.3;4.1;0;0;58
19;1;0;2014-03-04 19:00:00;6.77;3.1;0;0;42
20;1;0;2014-03-04 20:00:00;6.41;3.1;0;0;6
21;1;0;2014-03-04 21:00:00;6.08;3.6;0;0;0
22;1;0;2014-03-04 22:00:00;6.08;3.6;0;0;0
23;1;0;2014-03-04 23:00:00;6.08;3.6;0;0;0
0;1;0;2014-03-05 00:00:00;6.08;3.6;0;0;0
1;1;0;2014-03-05 01:00:00;6.08;3.6;0;0;0
2;1;0;2014-03-05 02:00:00;6.08;3.6;0;0;0
3;1;0;2014-03-05 03:00:00;6.08;3.6;0;0;0
4;1;0;2014-03-05 04:00:00;4.57;0.5;0;75;0
5;1;0;2014-03-05 05:00:00;4.37;1;0;75;0
6;1;0;2014-03-05 06:00:00;4.38;0;0;90;0
7;1;0;2014-03-05 07:00:00;4.42;0.5;0.1;90;0
8;1;0;2014-03-05 08:00:00;4.57;1;0;75;2
9;1;0;2014-03-05 09:00:00;5.37;1;0;75;8
10;1;0;2014-03-05 10:00:00;6.47;1;0;75;23
11;1;0;2014-03-05 11:00:00;8.24;1.5;0;75;41
12;1;0;2014-03-05 12:00:00;9.52;2.1;0;0;33
13;1;0;2014-03-05 13:00:00;10.34;3.1;0;75;50
14;1;0;2014-03-05 14:00:00;10;2.6;0;75;40
15;1;0;2014-03-05 15:00:00;10.09;3.1;0;75;53
16;1;0;2014-03-05 16:00:00;10;2.6;0;40;55
17;1;0;2014-03-05 17:00:00;9.58;2.6;0;75;69
18;1;0;2014-03-05 18:00:00;8.9;1.5;0;40;68
19;1;0;2014-03-05 19:00:00;7.76;2.6;0;40;41
20;1;0;2014-03-05 20:00:00;7.62;2.1;0;75;15
21;1;0;2014-03-05 21:00:00;7.44;1.5;0;75;0
22;1;0;2014-03-05 22:00:00;7.19;1;0;75;0
23;1;0;2014-03-05 23:00:00;7.31;1;0;75;0
0;1;0;2014-03-06 00:00:00;7;1.5;0;75;0
1;1;0;2014-03-06 01:00:00;6.68;2.1;0;75;0
2;1;0;2014-03-06 02:00:00;6.7;2.1;0;75;0
3;1;0;2014-03-06 03:00:00;6.65;3.1;0;75;0
4;1;0;2014-03-06 04:00:00;6.61;1.5;0;75;0
5;1;0;2014-03-06 05:00:00;6.28;1.5;0;75;0
6;1;0;2014-03-06 06:00:00;6.21;1.5;0;75;0
7;1;0;2014-03-06 07:00:00;6.18;1;0;75;0
8;1;0;2014-03-06 08:00:00;6.18;2.1;0;75;0
9;1;0;2014-03-06 09:00:00;6.18;1.5;0;75;7
10;1;0;2014-03-06 10:00:00;6.78;2.1;0;75;25
11;1;0;2014-03-06 11:00:00;8.04;2.1;0;75;41
12;1;0;2014-03-06 12:00:00;8.98;1.5;0;75;40
13;1;0;2014-03-06 13:00:00;10.32;1.5;0;75;56
14;1;0;2014-03-06 14:00:00;10.33;2.1;0;40;54
15;1;0;2014-03-06 15:00:00;10.7;2.1;0;20;57
16;1;0;2014-03-06 16:00:00;10.52;2.6;0;20;73
17;1;0;2014-03-06 17:00:00;9.37;2.6;0;20;65
18;1;0;2014-03-06 18:00:00;7.82;2.1;0;0;72
19;1;0;2014-03-06 19:00:00;6.15;1;0;0;52
20;1;0;2014-03-06 20:00:00;5.04;0.5;0;0;4
21;1;0;2014-03-06 21:00:00;4.25;2.6;0;0;0
22;1;0;2014-03-06 22:00:00;3.5;2.6;0;0;0
23;1;0;2014-03-06 23:00:00;3.04;1.5;0;0;0
0;1;0;2014-03-07 00:00:00;1.57;1;0;0;0
1;1;0;2014-03-07 01:00:00;0.97;0.5;0;0;0
2;1;0;2014-03-07 02:00:00;0.65;0.5;0;0;0
3;1;0;2014-03-07 03:00:00;0.49;1;0;0;0
4;1;0;2014-03-07 04:00:00;0.08;0.5;0;0;0
5;1;0;2014-03-07 05:00:00;-0.55;0.5;0;0;0
6;1;0;2014-03-07 06:00:00;-0.21;2.1;0;90;0
7;1;0;2014-03-07 07:00:00;-0.06;1.5;0;90;0
8;1;0;2014-03-07 08:00:00;0.23;2.1;0;90;1
9;1;0;2014-03-07 09:00:00;0.89;2.1;0;75;11
10;1;0;2014-03-07 10:00:00;2.12;2.6;0;0;22
11;1;0;2014-03-07 11:00:00;4.25;3.6;0;0;39
12;1;0;2014-03-07 12:00:00;6.87;3.1;0;0;65
13;1;0;2014-03-07 13:00:00;8.85;4.1;0;0;50
14;1;0;2014-03-07 14:00:00;9.86;3.6;0;0;52
15;1;0;2014-03-07 15:00:00;9.84;3.1;0;0;58
16;1;0;2014-03-07 16:00:00;10.24;2.6;0;0;63
17;1;0;2014-03-07 17:00:00;10.12;3.1;0;0;91
18;1;0;2014-03-07 18:00:00;8.5;2.6;0;0;64
19;1;0;2014-03-07 19:00:00;6.96;2.1;0;0;36
20;1;0;2014-03-07 20:00:00;6.21;2.6;0;0;21
21;1;0;2014-03-07 21:00:00;6.19;2.1;0;0;0
22;1;0;2014-03-07 22:00:00;5.54;2.1;0;0;0
23;1;0;2014-03-07 23:00:00;6.06;3.1;0;0;0
0;1;1;2014-03-08 00:00:00;5.64;1;0;0;0
1;1;1;2014-03-08 01:00:00;4.35;1.5;0;0;0
2;1;1;2014-03-08 02:00:00;3.4;1;0;0;0
3;1;1;2014-03-08 03:00:00;2.53;0.5;0;0;0
4;1;1;2014-03-08 04:00:00;2.56;1;0;75;0
5;1;1;2014-03-08 05:00:00;3.54;1;0;75;0
6;1;1;2014-03-08 06:00:00;4.28;1;0;20;0
7;1;1;2014-03-08 07:00:00;3.4;2.1;0;20;0
8;1;1;2014-03-08 08:00:00;4.61;1.5;0;0;1
9;1;1;2014-03-08 09:00:00;6.78;2.1;0;0;4
10;1;1;2014-03-08 10:00:00;7.91;3.1;0;0;22
11;1;1;2014-03-08 11:00:00;9.06;1.5;0;0;47
12;1;1;2014-03-08 12:00:00;10.02;0.5;0;0;51
13;1;1;2014-03-08 13:00:00;11.32;1;0;0;62
14;1;1;2014-03-08 14:00:00;11.88;1;0;0;57
15;1;1;2014-03-08 15:00:00;11.99;1;0;0;92
16;1;1;2014-03-08 16:00:00;12.3;1;0;0;100
17;1;1;2014-03-08 17:00:00;11.86;0.5;0;0;104
18;1;1;2014-03-08 18:00:00;10.06;3.1;0;0;61
19;1;1;2014-03-08 19:00:00;7.5;1.5;0;0;32
20;1;1;2014-03-08 20:00:00;6.23;0.5;0;0;21
21;1;1;2014-03-08 21:00:00;5.4;1.5;0;0;0
22;1;1;2014-03-08 22:00:00;4.92;2.6;0;0;0
23;1;1;2014-03-08 23:00:00;3.85;2.6;0;0;0
0;1;0;2014-03-09 00:00:00;3.72;1;0;0;0
1;0;0;2014-03-09 01:00:00;2.75;0.5;0;0;0
2;0;0;2014-03-09 02:00:00;2.07;0;0;0;0
3;0;0;2014-03-09 03:00:00;1.45;0.5;0;0;0
4;0;0;2014-03-09 04:00:00;1.12;1;0;0;0
5;0;0;2014-03-09 05:00:00;1.24;2.1;0;0;0
6;0;0;2014-03-09 06:00:00;1.06;2.1;0;0;0
7;0;0;2014-03-09 07:00:00;0.62;2.6;0;0;0
8;0;0;2014-03-09 08:00:00;2.3;2.1;0;0;0
9;0;0;2014-03-09 09:00:00;4.9;2.6;0;0;0
10;0;0;2014-03-09 10:00:00;7.5;3.6;0;0;0
11;0;0;2014-03-09 11:00:00;10.44;3.6;0;0;0
12;0;0;2014-03-09 12:00:00;12.98;4.6;0;0;2
13;0;0;2014-03-09 13:00:00;14.89;4.6;0;0;38
14;0;0;2014-03-09 14:00:00;15.61;5.1;0;0;40
15;0;0;2014-03-09 15:00:00;16.01;4.1;0;0;78
16;0;0;2014-03-09 16:00:00;16.63;4.1;0;0;49
17;0;0;2014-03-09 17:00:00;16.24;3.1;0;0;44
18;0;0;2014-03-09 18:00:00;13.98;3.1;0;0;0
19;0;0;2014-03-09 19:00:00;11.68;2.6;0;0;0
20;0;0;2014-03-09 20:00:00;9.98;3.1;0;0;0
21;0;0;2014-03-09 21:00:00;8.92;3.6;0;0;0
22;0;0;2014-03-09 22:00:00;7.26;3.1;0;0;0
23;0;0;2014-03-09 23:00:00;6.8;3.1;0;0;0
0;0;0;2014-03-10 00:00:00;6.32;2.6;0;0;0
1;1;0;2014-03-10 01:00:00;4.99;2.6;0;0;0
2;1;0;2014-03-10 02:00:00;4.04;2.1;0;0;0
3;1;0;2014-03-10 03:00:00;3.26;2.6;0;0;0
4;1;0;2014-03-10 04:00:00;2.75;2.6;0;0;0
5;1;0;2014-03-10 05:00:00;2.8;3.1;0;0;0
6;1;0;2014-03-10 06:00:00;2.09;2.1;0;0;0
7;1;0;2014-03-10 07:00:00;2.22;3.6;0;0;0
8;1;0;2014-03-10 08:00:00;4.47;3.1;0;0;0
9;1;0;2014-03-10 09:00:00;6.62;3.1;0;0;12
10;1;0;2014-03-10 10:00:00;9.37;2.1;0;0;26
11;1;0;2014-03-10 11:00:00;11.72;1.5;0;0;36
12;1;0;2014-03-10 12:00:00;13.51;2.1;0;0;32
13;1;0;2014-03-10 13:00:00;15.24;0.5;0;0;37
14;1;0;2014-03-10 14:00:00;16.01;1;0;0;38
15;1;0;2014-03-10 15:00:00;16.84;1;0;0;42
16;1;0;2014-03-10 16:00:00;16.68;2.1;0;0;42
17;1;0;2014-03-10 17:00:00;16.01;2.1;0;0;53
18;1;0;2014-03-10 18:00:00;13.69;2.6;0;0;43
19;1;0;2014-03-10 19:00:00;11.66;1;0;0;26
20;1;0;2014-03-10 20:00:00;9.18;1;0;0;8
21;1;0;2014-03-10 21:00:00;7.99;1;0;0;0
22;1;0;2014-03-10 22:00:00;6.81;1;0;0;0
23;1;0;2014-03-10 23:00:00;6.09;0.5;0;0;0
0;1;0;2014-03-11 00:00:00;4.94;0;0;0;0
1;1;0;2014-03-11 01:00:00;3.76;1;0;0;0
2;1;0;2014-03-11 02:00:00;3.85;0.5;0;0;0
3;1;0;2014-03-11 03:00:00;2.94;1;0;0;0
4;1;0;2014-03-11 04:00:00;3.23;3.1;0;0;0
5;1;0;2014-03-11 05:00:00;4.49;2.6;0;0;0
6;1;0;2014-03-11 06:00:00;4;2.1;0;0;0
7;1;0;2014-03-11 07:00:00;3.95;2.6;0;0;0
8;1;0;2014-03-11 08:00:00;5.6;2.6;0;20;0
9;1;0;2014-03-11 09:00:00;7.27;3.1;0;40;8
10;1;0;2014-03-11 10:00:00;9.54;2.1;0;0;15
11;1;0;2014-03-11 11:00:00;11.79;3.6;0;0;19
12;1;0;2014-03-11 12:00:00;13.32;2.6;0;0;28
13;1;0;2014-03-11 13:00:00;14.33;3.6;0;0;45
14;1;0;2014-03-11 14:00:00;15.12;4.6;0;0;45
15;1;0;2014-03-11 15:00:00;15.27;3.6;0;0;41
16;1;0;2014-03-11 16:00:00;14.72;3.6;1.32;0;54
17;1;0;2014-03-11 17:00:00;13.96;4.1;0;0;44
18;1;0;2014-03-11 18:00:00;11.85;3.1;0;0;50
19;1;0;2014-03-11 19:00:00;9.7;2.6;0;0;28
20;1;0;2014-03-11 20:00:00;7.86;3.1;0;0;7
21;1;0;2014-03-11 21:00:00;6.48;2.6;6.86;0;0
22;1;0;2014-03-11 22:00:00;5.23;1.5;0;0;0
23;1;0;2014-03-11 23:00:00;4.07;2.1;0;0;0
0;1;0;2014-03-12 00:00:00;3.24;1.5;0;0;0
1;1;0;2014-03-12 01:00:00;2.44;1.5;0;0;0
2;1;0;2014-03-12 02:00:00;1.46;0.5;0;0;0
3;1;0;2014-03-12 03:00:00;0.97;0.5;0;0;0
4;1;0;2014-03-12 04:00:00;0.49;1;0;0;0
5;1;0;2014-03-12 05:00:00;0.09;0.5;0;0;0
6;1;0;2014-03-12 06:00:00;-0.26;1;0;0;0
7;1;0;2014-03-12 07:00:00;0.96;1;0;0;0
8;1;0;2014-03-12 08:00:00;3.74;1.5;0;0;2
9;1;0;2014-03-12 09:00:00;6.64;2.6;0.93;0;10
10;1;0;2014-03-12 10:00:00;9.72;3.1;0;0;27
11;1;0;2014-03-12 11:00:00;12.67;2.1;0;0;33
12;1;0;2014-03-12 12:00:00;13.11;1.5;0;0;30
13;1;0;2014-03-12 13:00:00;14.38;2.1;0;0;54
14;1;0;2014-03-12 14:00:00;14.77;2.6;0;0;32
15;1;0;2014-03-12 15:00:00;15.21;0.5;0;0;56
16;1;0;2014-03-12 16:00:00;15.51;2.1;0;0;48
17;1;0;2014-03-12 17:00:00;14.37;1.5;0;0;48
18;1;0;2014-03-12 18:00:00;12.03;1;0;0;46
19;1;0;2014-03-12 19:00:00;9.35;1;0;0;31
20;1;0;2014-03-12 20:00:00;7.59;0.5;0;0;7
21;1;0;2014-03-12 21:00:00;5.91;0.5;1.43;0;0
22;1;0;2014-03-12 22:00:00;4.68;0.5;0;0;0
23;1;0;2014-03-12 23:00:00;3.87;0.5;0;0;0
0;1;0;2014-03-13 00:00:00;3.27;0.5;0;0;0
1;1;0;2014-03-13 01:00:00;1.97;0;0;0;0
2;1;0;2014-03-13 02:00:00;1.31;0.5;0;0;0
3;1;0;2014-03-13 03:00:00;0.56;0.5;0;0;0
4;1;0;2014-03-13 04:00:00;0.84;0.5;0;0;0
5;1;0;2014-03-13 05:00:00;-0.12;0.5;0;0;0
6;1;0;2014-03-13 06:00:00;-0.42;0.5;0;0;0
7;1;0;2014-03-13 07:00:00;0.76;1.5;0;0;0
8;1;0;2014-03-13 08:00:00;3.86;1;0;0;0
9;1;0;2014-03-13 09:00:00;5.89;1.5;0;0;13
10;1;0;2014-03-13 10:00:00;10.11;1;0;0;12
11;1;0;2014-03-13 11:00:00;12.92;0;0;0;42
12;1;0;2014-03-13 12:00:00;14.3;1;0;0;28
13;1;0;2014-03-13 13:00:00;15.96;2.1;0;0;40
14;1;0;2014-03-13 14:00:00;16.65;1.5;0;0;39
15;1;0;2014-03-13 15:00:00;17.15;1.5;0;0;51
16;1;0;2014-03-13 16:00:00;17.05;1;0;0;44
17;1;0;2014-03-13 17:00:00;16.79;1.5;0;0;47
18;1;0;2014-03-13 18:00:00;14.93;2.6;0;0;56
19;1;0;2014-03-13 19:00:00;11.58;2.1;0;0;36
20;1;0;2014-03-13 20:00:00;9.49;0.5;0;0;8
21;1;0;2014-03-13 21:00:00;8.65;1;0;0;0
22;1;0;2014-03-13 22:00:00;6.68;1;0;0;0
23;1;0;2014-03-13 23:00:00;5.26;1;0;0;0
0;1;0;2014-03-14 00:00:00;4.51;1.5;0;0;0
1;1;0;2014-03-14 01:00:00;3.5;1;0;0;0
2;1;0;2014-03-14 02:00:00;2.86;1.5;0;0;0
3;1;0;2014-03-14 03:00:00;2.52;1;0;0;0
4;1;0;2014-03-14 04:00:00;2.08;1;0;0;0
5;1;0;2014-03-14 05:00:00;0.18;2.1;0;0;0
6;1;0;2014-03-14 06:00:00;0.2;1;0;0;0
7;1;0;2014-03-14 07:00:00;0.72;1;0;0;0
8;1;0;2014-03-14 08:00:00;3.21;1.5;0;0;0
9;1;0;2014-03-14 09:00:00;6.18;2.1;0;0;10
10;1;0;2014-03-14 10:00:00;8.72;2.1;0;0;27
11;1;0;2014-03-14 11:00:00;11.82;2.1;0;0;34
12;1;0;2014-03-14 12:00:00;11.91;3.6;0;0;39
13;1;0;2014-03-14 13:00:00;13.01;2.6;0;0;35
14;1;0;2014-03-14 14:00:00;13.56;3.6;0;0;48
15;1;0;2014-03-14 15:00:00;13.69;4.1;0;0;62
16;1;0;2014-03-14 16:00:00;13.43;3.6;0;0;46
17;1;0;2014-03-14 17:00:00;12.64;2.6;0;0;61
18;1;0;2014-03-14 18:00:00;11.37;2.1;0;0;51
19;1;0;2014-03-14 19:00:00;8.45;1.5;0;0;37
20;1;0;2014-03-14 20:00:00;7.16;2.1;0;0;22
21;1;0;2014-03-14 21:00:00;6.13;2.6;0;0;0
22;1;0;2014-03-14 22:00:00;6.99;2.1;0;0;0
23;1;0;2014-03-14 23:00:00;6.7;3.1;0;0;0
0;1;1;2014-03-15 00:00:00;6.81;4.1;0;0;0
1;1;1;2014-03-15 01:00:00;7.97;7.2;0;0;0
2;1;1;2014-03-15 02:00:00;9.01;9.3;0;0;0
3;1;1;2014-03-15 03:00:00;9.38;9.3;0;90;0
4;1;1;2014-03-15 04:00:00;8.9;10.3;0;75;0
5;1;1;2014-03-15 05:00:00;7.68;11.3;1.02;75;0
6;1;1;2014-03-15 06:00:00;6.76;8.7;0;75;0
7;1;1;2014-03-15 07:00:00;6.89;9.8;0;75;0
8;1;1;2014-03-15 08:00:00;7.29;10.8;0;75;0
9;1;1;2014-03-15 09:00:00;7.91;10.3;0;75;4
10;1;1;2014-03-15 10:00:00;8.16;10.8;0;75;23
11;1;1;2014-03-15 11:00:00;8.92;8.7;0;75;44
12;1;1;2014-03-15 12:00:00;9.96;9.3;0;75;49
13;1;1;2014-03-15 13:00:00;10.71;9.8;0;40;85
14;1;1;2014-03-15 14:00:00;11.01;8.2;0;40;89
15;1;1;2014-03-15 15:00:00;10.92;7.7;0;40;78
16;1;1;2014-03-15 16:00:00;10.89;7.2;0;0;93
17;1;1;2014-03-15 17:00:00;10.47;6.7;0;0;83
18;1;1;2014-03-15 18:00:00;9.25;5.7;1.32;0;57
19;1;1;2014-03-15 19:00:00;8.62;7.7;0;75;22
20;1;1;2014-03-15 20:00:00;8.14;5.7;0;0;19
21;1;1;2014-03-15 21:00:00;7.91;6.7;0;75;0
22;1;1;2014-03-15 22:00:00;7.5;7.7;0;75;0
23;1;1;2014-03-15 23:00:00;6.75;6.7;0;75;0
0;1;0;2014-03-16 00:00:00;6.13;6.7;0.42;75;0
1;0;0;2014-03-16 01:00:00;5.89;8.7;0.51;75;0
2;0;0;2014-03-16 02:00:00;5.9;8.2;1.02;75;0
3;0;0;2014-03-16 03:00:00;6.39;9.3;1.44;75;0
4;0;0;2014-03-16 04:00:00;6.93;8.7;0.51;75;0
5;0;0;2014-03-16 05:00:00;7.57;8.7;0.59;75;0
6;0;0;2014-03-16 06:00:00;7.66;7.7;0.42;75;0
7;0;0;2014-03-16 07:00:00;8.25;7.2;0;75;0
8;0;0;2014-03-16 08:00:00;8.93;7.7;0;75;0
9;0;0;2014-03-16 09:00:00;9.25;9.8;0;75;0
10;0;0;2014-03-16 10:00:00;9.82;10.3;0;75;0
11;0;0;2014-03-16 11:00:00;10.23;8.7;0;75;0
12;0;0;2014-03-16 12:00:00;10.3;9.8;0;75;0
13;0;0;2014-03-16 13:00:00;10.81;10.3;0;75;0
14;0;0;2014-03-16 14:00:00;11.11;9.3;0;75;0
15;0;0;2014-03-16 15:00:00;10.67;8.7;0;75;0
16;0;0;2014-03-16 16:00:00;10.96;7.7;0;75;0
17;0;0;2014-03-16 17:00:00;10.96;9.3;0;75;0
18;0;0;2014-03-16 18:00:00;10.98;7.7;0;75;0
19;0;0;2014-03-16 19:00:00;9.74;5.1;0.51;75;0
20;0;0;2014-03-16 20:00:00;9.77;5.1;0;75;0
21;0;0;2014-03-16 21:00:00;10.1;6.7;0;75;0
22;0;0;2014-03-16 22:00:00;9.96;9.3;0;75;0
23;0;0;2014-03-16 23:00:00;10.04;7.2;0;75;0
0;0;0;2014-03-17 00:00:00;9.98;10.8;0;75;0
1;1;0;2014-03-17 01:00:00;9.72;9.3;0;40;0
2;1;0;2014-03-17 02:00:00;9.34;7.7;0;75;0
3;1;0;2014-03-17 03:00:00;9.25;10.8;0;75;0
4;1;0;2014-03-17 04:00:00;9.24;10.8;0;75;0
5;1;0;2014-03-17 05:00:00;9.14;8.2;0;75;0
6;1;0;2014-03-17 06:00:00;9.29;7.7;0;75;0
7;1;0;2014-03-17 07:00:00;9.34;9.3;0;75;0
8;1;0;2014-03-17 08:00:00;9.48;7.2;0;75;0
9;1;0;2014-03-17 09:00:00;9.73;7.2;0;75;8
10;1;0;2014-03-17 10:00:00;10.17;7.7;0.25;75;38
11;1;0;2014-03-17 11:00:00;10.99;11.3;1.02;75;44
12;1;0;2014-03-17 12:00:00;11.64;8.2;0;75;50
13;1;0;2014-03-17 13:00:00;11.44;7.2;0;75;39
14;1;0;2014-03-17 14:00:00;11.69;9.3;0;75;46
15;1;0;2014-03-17 15:00:00;11.69;7.7;0;75;54
16;1;0;2014-03-17 16:00:00;12.06;7.7;0;75;42
17;1;0;2014-03-17 17:00:00;11.28;9.8;0;75;43
18;1;0;2014-03-17 18:00:00;11.07;7.7;0;75;44
19;1;0;2014-03-17 19:00:00;10.39;6.2;0;75;17
20;1;0;2014-03-17 20:00:00;10.29;4.6;0;75;0
21;1;0;2014-03-17 21:00:00;9.86;5.1;0;75;0
22;1;0;2014-03-17 22:00:00;9.02;5.1;0;75;0
23;1;0;2014-03-17 23:00:00;8.35;4.6;0;75;0
0;1;0;2014-03-18 00:00:00;8.68;5.1;0;20;0
1;1;0;2014-03-18 01:00:00;7.48;4.1;0;0;0
2;1;0;2014-03-18 02:00:00;7.61;3.6;0;0;0
3;1;0;2014-03-18 03:00:00;8.04;3.6;0;0;0
4;1;0;2014-03-18 04:00:00;8.72;3.6;0;0;0
5;1;0;2014-03-18 05:00:00;8.68;3.6;0;0;0
6;1;0;2014-03-18 06:00:00;8.59;4.6;0;75;0
7;1;0;2014-03-18 07:00:00;8.58;4.1;0;75;0
8;1;0;2014-03-18 08:00:00;9.15;5.1;0;75;0
9;1;0;2014-03-18 09:00:00;10.16;5.1;0;75;0
10;1;0;2014-03-18 10:00:00;10.49;7.2;0;75;0
11;1;0;2014-03-18 11:00:00;10.67;6.2;0;75;0
12;1;0;2014-03-18 12:00:00;12.24;7.2;0;75;0
13;1;0;2014-03-18 13:00:00;12.32;9.8;0;75;0
14;1;0;2014-03-18 14:00:00;12.61;8.7;0;75;0
15;1;0;2014-03-18 15:00:00;12.76;8.2;0;75;0
16;1;0;2014-03-18 16:00:00;12.39;8.2;0;75;0
17;1;0;2014-03-18 17:00:00;11.85;7.2;0;75;0
18;1;0;2014-03-18 18:00:00;11.09;6.2;0;75;0
19;1;0;2014-03-18 19:00:00;10.55;5.7;0;75;0
20;1;0;2014-03-18 20:00:00;10.46;4.6;0;0;0
21;1;0;2014-03-18 21:00:00;8.87;5.1;0;75;0
22;1;0;2014-03-18 22:00:00;8.66;4.1;0;75;0
23;1;0;2014-03-18 23:00:00;8.5;2.6;0;75;0
0;1;0;2014-03-19 00:00:00;8.83;1.5;0;75;0
1;1;0;2014-03-19 01:00:00;8.09;6.2;0;75;0
2;1;0;2014-03-19 02:00:00;7.12;7.2;0.66;90;0
3;1;0;2014-03-19 03:00:00;6.87;4.6;0.81;75;0
4;1;0;2014-03-19 04:00:00;6.85;4.1;0.38;75;0
5;1;0;2014-03-19 05:00:00;7.37;5.1;0.6;75;0
6;1;0;2014-03-19 06:00:00;7.76;7.2;0.51;75;0
7;1;0;2014-03-19 07:00:00;7.87;4.1;0.76;75;0
8;1;0;2014-03-19 08:00:00;8;6.2;0.2;75;0
9;1;0;2014-03-19 09:00:00;8.3;6.2;0.55;75;5
10;1;0;2014-03-19 10:00:00;8.4;6.7;0.51;75;15
11;1;0;2014-03-19 11:00:00;9.61;6.7;0;75;31
12;1;0;2014-03-19 12:00:00;10.11;6.2;0.2;75;47
13;1;0;2014-03-19 13:00:00;10.62;5.7;0.25;75;27
14;1;0;2014-03-19 14:00:00;10.42;7.7;0.61;75;32
15;1;0;2014-03-19 15:00:00;10.29;7.7;0.4;75;29
16;1;0;2014-03-19 16:00:00;10.34;6.2;0;75;54
17;1;0;2014-03-19 17:00:00;10.83;7.2;0.1;75;60
18;1;0;2014-03-19 18:00:00;10.73;5.7;0;75;41
19;1;0;2014-03-19 19:00:00;10.77;5.7;0;75;28
20;1;0;2014-03-19 20:00:00;10.67;4.6;0;75;11
21;1;0;2014-03-19 21:00:00;10.47;5.7;0;75;0
22;1;0;2014-03-19 22:00:00;10.31;5.7;0;75;0
23;1;0;2014-03-19 23:00:00;10.7;5.7;4.06;75;0
0;1;0;2014-03-20 00:00:00;10.7;6.2;0;0;0
1;1;0;2014-03-20 01:00:00;10.26;5.7;0;0;0
2;1;0;2014-03-20 02:00:00;9.6;7.7;0;0;0
3;1;0;2014-03-20 03:00:00;9.05;6.2;0;0;0
4;1;0;2014-03-20 04:00:00;8.49;5.7;0;0;0
5;1;0;2014-03-20 05:00:00;7.88;4.1;0;0;0
6;1;0;2014-03-20 06:00:00;7.03;3.6;0;0;0
7;1;0;2014-03-20 07:00:00;7.23;3.6;0;0;0
8;1;0;2014-03-20 08:00:00;9.71;5.1;0;0;0
9;1;0;2014-03-20 09:00:00;11.83;5.7;0;0;9
10;1;0;2014-03-20 10:00:00;13.61;6.2;0;0;19
11;1;0;2014-03-20 11:00:00;15.31;5.1;0;0;18
12;1;0;2014-03-20 12:00:00;16.79;4.6;0;0;35
13;1;0;2014-03-20 13:00:00;18.19;4.6;0;0;47
14;1;0;2014-03-20 14:00:00;19.08;5.1;0;0;38
15;1;0;2014-03-20 15:00:00;18.82;4.1;0;0;38
16;1;0;2014-03-20 16:00:00;19.14;5.1;0;0;32
17;1;0;2014-03-20 17:00:00;18.71;5.1;0;0;57
18;1;0;2014-03-20 18:00:00;16.76;4.1;0;0;65
19;1;0;2014-03-20 19:00:00;15.03;4.1;0;0;34
20;1;0;2014-03-20 20:00:00;14.01;3.6;0;0;7
21;1;0;2014-03-20 21:00:00;13.39;3.6;0;0;0
22;1;0;2014-03-20 22:00:00;13.65;6.2;0;0;0
23;1;0;2014-03-20 23:00:00;13.83;5.1;0;0;0
0;1;0;2014-03-21 00:00:00;12.72;4.6;0;0;0
1;1;0;2014-03-21 01:00:00;12.49;5.7;0;0;0
2;1;0;2014-03-21 02:00:00;11.64;4.6;0;0;0
3;1;0;2014-03-21 03:00:00;11.31;3.6;0;0;0
4;1;0;2014-03-21 04:00:00;10.14;3.1;0;0;0
5;1;0;2014-03-21 05:00:00;9.72;3.1;0;0;0
6;1;0;2014-03-21 06:00:00;9.74;3.6;0;0;0
7;1;0;2014-03-21 07:00:00;12.57;4.6;0;0;0
8;1;0;2014-03-21 08:00:00;14.48;5.7;0;0;0
9;1;0;2014-03-21 09:00:00;16.07;7.2;0;0;13
10;1;0;2014-03-21 10:00:00;17.66;6.2;0;0;32
11;1;0;2014-03-21 11:00:00;18.19;7.2;0;0;50
12;1;0;2014-03-21 12:00:00;19.85;6.2;0;0;54
13;1;0;2014-03-21 13:00:00;20.81;8.2;0;0;41
14;1;0;2014-03-21 14:00:00;21.42;11.3;0;0;46
15;1;0;2014-03-21 15:00:00;21.09;11.3;0;0;43
16;1;0;2014-03-21 16:00:00;20.95;10.3;0;0;66
17;1;0;2014-03-21 17:00:00;19.38;9.8;0;0;66
18;1;0;2014-03-21 18:00:00;18.34;9.3;0;0;58
19;1;0;2014-03-21 19:00:00;14.47;9.3;0;0;32
20;1;0;2014-03-21 20:00:00;12.77;9.3;0;75;16
21;1;0;2014-03-21 21:00:00;10.11;6.2;0;20;0
22;1;0;2014-03-21 22:00:00;8.85;5.1;0;20;0
23;1;0;2014-03-21 23:00:00;7.84;4.1;0;75;0
0;1;1;2014-03-22 00:00:00;6.76;3.6;0;40;0
1;1;1;2014-03-22 01:00:00;5.61;1.5;0;20;0
2;1;1;2014-03-22 02:00:00;4.59;1;0;0;0
3;1;1;2014-03-22 03:00:00;5.04;1;0;75;0
4;1;1;2014-03-22 04:00:00;5.92;1.5;0;75;0
5;1;1;2014-03-22 05:00:00;5.5;2.1;0;75;0
6;1;1;2014-03-22 06:00:00;5.61;2.6;0.25;75;0
7;1;1;2014-03-22 07:00:00;6.01;2.6;0.25;75;0
8;1;1;2014-03-22 08:00:00;6.79;1;0.2;75;0
9;1;1;2014-03-22 09:00:00;8.22;3.6;0;40;8
10;1;1;2014-03-22 10:00:00;9.68;3.6;0;40;30
11;1;1;2014-03-22 11:00:00;10.92;4.1;0;75;47
12;1;1;2014-03-22 12:00:00;10.95;5.1;0;75;73
13;1;1;2014-03-22 13:00:00;10.89;4.1;0;75;64
14;1;1;2014-03-22 14:00:00;9.85;3.6;1.05;75;62
15;1;1;2014-03-22 15:00:00;10.16;2.6;0.56;75;67
16;1;1;2014-03-22 16:00:00;11.14;5.7;1;40;87
17;1;1;2014-03-22 17:00:00;11.04;3.1;0;75;84
18;1;1;2014-03-22 18:00:00;10.57;2.1;0;0;69
19;1;1;2014-03-22 19:00:00;9.76;2.1;0;0;42
20;1;1;2014-03-22 20:00:00;9.07;2.1;0.76;0;29
21;1;1;2014-03-22 21:00:00;8.91;3.1;0.76;75;0
22;1;1;2014-03-22 22:00:00;8.61;3.6;0;0;0
23;1;1;2014-03-22 23:00:00;8.3;3.6;0;0;0
0;1;0;2014-03-23 00:00:00;7.5;3.1;0;0;0
1;0;0;2014-03-23 01:00:00;7.45;4.1;0;0;0
2;0;0;2014-03-23 02:00:00;7.22;4.1;0;40;0
3;0;0;2014-03-23 03:00:00;6.74;3.1;0;40;0
4;0;0;2014-03-23 04:00:00;6.3;3.6;0;75;0
5;0;0;2014-03-23 05:00:00;5.57;3.1;0;0;0
6;0;0;2014-03-23 06:00:00;5.05;3.1;0;0;0
7;0;0;2014-03-23 07:00:00;5.15;2.6;0;0;0
8;0;0;2014-03-23 08:00:00;5.77;2.1;0;0;0
9;0;0;2014-03-23 09:00:00;6.15;3.6;0;75;0
10;0;0;2014-03-23 10:00:00;7.48;2.6;0;75;0
11;0;0;2014-03-23 11:00:00;8.04;1.5;0;75;0
12;0;0;2014-03-23 12:00:00;9.29;1.5;0;75;0
13;0;0;2014-03-23 13:00:00;9.9;1.5;0;75;0
14;0;0;2014-03-23 14:00:00;10.08;3.1;0;75;0
15;0;0;2014-03-23 15:00:00;9.85;2.1;0;75;0
16;0;0;2014-03-23 16:00:00;9.82;2.1;0;75;0
17;0;0;2014-03-23 17:00:00;9.25;2.1;0;75;0
18;0;0;2014-03-23 18:00:00;8.82;2.1;0;75;0
19;0;0;2014-03-23 19:00:00;7.86;1.5;0;75;0
20;0;0;2014-03-23 20:00:00;7.44;1;0;75;0
21;0;0;2014-03-23 21:00:00;7.12;1;0;0;0
22;0;0;2014-03-23 22:00:00;6.35;0.5;0;0;0
23;0;0;2014-03-23 23:00:00;5.89;1;0;0;0
0;0;0;2014-03-24 00:00:00;3.79;0;0;0;0
1;1;0;2014-03-24 01:00:00;3.56;0.5;0;40;0
2;1;0;2014-03-24 02:00:00;3.69;0.5;0;0;0
3;1;0;2014-03-24 03:00:00;3.69;1;0;0;0
4;1;0;2014-03-24 04:00:00;3.71;1;0;0;0
5;1;0;2014-03-24 05:00:00;4.34;1.5;0;0;0
6;1;0;2014-03-24 06:00:00;4.46;2.6;0;0;0
7;1;0;2014-03-24 07:00:00;4.34;2.1;0;0;0
8;1;0;2014-03-24 08:00:00;4.49;1.5;0;0;0
9;1;0;2014-03-24 09:00:00;5.27;2.1;0;0;5
10;1;0;2014-03-24 10:00:00;6.61;3.1;0;0;35
11;1;0;2014-03-24 11:00:00;8.1;2.6;0;75;37
12;1;0;2014-03-24 12:00:00;8.59;3.1;0;75;48
13;1;0;2014-03-24 13:00:00;9.02;4.1;0;75;53
14;1;0;2014-03-24 14:00:00;8.26;3.6;0;75;62
15;1;0;2014-03-24 15:00:00;7.57;3.1;0;75;57
16;1;0;2014-03-24 16:00:00;6.8;3.1;0;75;54
17;1;0;2014-03-24 17:00:00;6.69;2.6;0;75;74
18;1;0;2014-03-24 18:00:00;6.36;2.6;0.4;75;43
19;1;0;2014-03-24 19:00:00;5.7;2.1;2.29;75;32
20;1;0;2014-03-24 20:00:00;5.43;1;1.3;75;4
21;1;0;2014-03-24 21:00:00;4.83;1.5;0.76;75;0
22;1;0;2014-03-24 22:00:00;4.69;2.6;0.77;75;0
23;1;0;2014-03-24 23:00:00;4.65;2.6;0.1;75;0
0;1;0;2014-03-25 00:00:00;4.33;2.1;0;40;0
1;1;0;2014-03-25 01:00:00;3.66;2.1;0;0;0
2;1;0;2014-03-25 02:00:00;3.09;1.5;0;0;0
3;1;0;2014-03-25 03:00:00;3.02;1.5;0;0;0
4;1;0;2014-03-25 04:00:00;2.55;1.5;0;75;0
5;1;0;2014-03-25 05:00:00;2.36;1.5;0;0;0
6;1;0;2014-03-25 06:00:00;1.84;1.5;0;0;0
7;1;0;2014-03-25 07:00:00;2.24;1.5;0;0;0
8;1;0;2014-03-25 08:00:00;3.02;2.6;0;75;0
9;1;0;2014-03-25 09:00:00;4.5;1.5;0;75;12
10;1;0;2014-03-25 10:00:00;5.89;2.6;0.51;75;19
11;1;0;2014-03-25 11:00:00;6.3;2.6;0.51;75;32
12;1;0;2014-03-25 12:00:00;8.61;3.6;0.1;40;41
13;1;0;2014-03-25 13:00:00;8.75;4.6;0;75;49
14;1;0;2014-03-25 14:00:00;6;3.1;1.02;75;37
15;1;0;2014-03-25 15:00:00;5.68;3.1;1.66;75;50
16;1;0;2014-03-25 16:00:00;6.36;3.1;0.1;75;47
17;1;0;2014-03-25 17:00:00;4.22;3.1;3.05;75;72
18;1;0;2014-03-25 18:00:00;4.44;2.6;2.72;75;43
19;1;0;2014-03-25 19:00:00;4.24;3.1;0;75;24
20;1;0;2014-03-25 20:00:00;4.08;1.5;0;0;4
21;1;0;2014-03-25 21:00:00;3.9;1.5;0;75;0
22;1;0;2014-03-25 22:00:00;3.42;2.1;0;75;0
23;1;0;2014-03-25 23:00:00;3.17;1.5;0;0;0
0;1;0;2014-03-26 00:00:00;3.22;1.5;0;0;0
1;1;0;2014-03-26 01:00:00;2.9;2.6;0;75;0
2;1;0;2014-03-26 02:00:00;2.76;2.6;0;75;0
3;1;0;2014-03-26 03:00:00;2.8;0.5;0;75;0
4;1;0;2014-03-26 04:00:00;2.07;0.5;0;75;0
5;1;0;2014-03-26 05:00:00;1.91;0;0;75;0
6;1;0;2014-03-26 06:00:00;1.74;0.5;0;0;0
7;1;0;2014-03-26 07:00:00;2.1;1.5;0;0;0
8;1;0;2014-03-26 08:00:00;3.57;2.1;0;0;0
9;1;0;2014-03-26 09:00:00;5.85;4.1;0;0;14
10;1;0;2014-03-26 10:00:00;8.35;4.1;0;20;33
11;1;0;2014-03-26 11:00:00;9.33;3.6;0;20;33
12;1;0;2014-03-26 12:00:00;9.93;4.6;0;40;52
13;1;0;2014-03-26 13:00:00;10.02;4.6;0;40;45
14;1;0;2014-03-26 14:00:00;10.77;5.1;0;40;48
15;1;0;2014-03-26 15:00:00;10.99;5.1;0;40;47
16;1;0;2014-03-26 16:00:00;10.78;6.7;0;20;44
17;1;0;2014-03-26 17:00:00;10;7.2;0;20;68
18;1;0;2014-03-26 18:00:00;9;6.7;0;20;53
19;1;0;2014-03-26 19:00:00;9;6.7;0;20;37
20;1;0;2014-03-26 20:00:00;6.49;4.6;0;0;3
21;1;0;2014-03-26 21:00:00;6.5;4.1;0;0;0
22;1;0;2014-03-26 22:00:00;6.18;4.1;0;0;0
23;1;0;2014-03-26 23:00:00;5.61;4.1;0;0;0
0;1;0;2014-03-27 00:00:00;4.97;3.6;0;0;0
1;1;0;2014-03-27 01:00:00;4.32;3.6;0;0;0
2;1;0;2014-03-27 02:00:00;3.54;2.6;0;0;0
3;1;0;2014-03-27 03:00:00;3.56;1.5;0;0;0
4;1;0;2014-03-27 04:00:00;3.34;2.1;0;0;0
5;1;0;2014-03-27 05:00:00;3.22;3.1;0;0;0
6;1;0;2014-03-27 06:00:00;2.71;2.1;0;0;0
7;1;0;2014-03-27 07:00:00;3.44;2.6;0;0;0
8;1;0;2014-03-27 08:00:00;5.34;4.6;0;0;0
9;1;0;2014-03-27 09:00:00;7.71;5.1;0;0;10
10;1;0;2014-03-27 10:00:00;9.49;5.7;0;0;17
11;1;0;2014-03-27 11:00:00;10.43;5.1;0;20;29
12;1;0;2014-03-27 12:00:00;11.29;5.1;0;20;41
13;1;0;2014-03-27 13:00:00;11.75;4.1;0;20;48
14;1;0;2014-03-27 14:00:00;12.29;5.7;0;20;45
15;1;0;2014-03-27 15:00:00;12.56;4.6;0;40;64
16;1;0;2014-03-27 16:00:00;12.42;6.2;0;40;61
17;1;0;2014-03-27 17:00:00;12.08;6.7;0;40;63
18;1;0;2014-03-27 18:00:00;10.83;6.2;0;40;45
19;1;0;2014-03-27 19:00:00;9.57;5.7;0;40;31
20;1;0;2014-03-27 20:00:00;8.57;5.1;0;20;6
21;1;0;2014-03-27 21:00:00;7.7;4.6;0;0;0
22;1;0;2014-03-27 22:00:00;6.3;2.6;0;0;0
23;1;0;2014-03-27 23:00:00;5.65;2.1;0;0;0
0;1;0;2014-03-28 00:00:00;5.04;3.1;0;0;0
1;1;0;2014-03-28 01:00:00;4.36;3.6;0;0;0
2;1;0;2014-03-28 02:00:00;4.15;2.6;0;0;0
3;1;0;2014-03-28 03:00:00;3.85;2.1;0;0;0
4;1;0;2014-03-28 04:00:00;3.56;2.6;0;0;0
5;1;0;2014-03-28 05:00:00;3.28;1;0;40;0
6;1;0;2014-03-28 06:00:00;3.43;3.1;0;75;0
7;1;0;2014-03-28 07:00:00;4.16;2.6;0;75;0
8;1;0;2014-03-28 08:00:00;5.39;2.6;0;75;0
9;1;0;2014-03-28 09:00:00;6.06;3.1;0;75;9
10;1;0;2014-03-28 10:00:00;7.19;3.1;0;75;28
11;1;0;2014-03-28 11:00:00;8.29;3.1;0;75;59
12;1;0;2014-03-28 12:00:00;8.82;2.6;0;75;64
13;1;0;2014-03-28 13:00:00;9.43;2.6;0;75;42
14;1;0;2014-03-28 14:00:00;9.53;4.1;0;75;39
15;1;0;2014-03-28 15:00:00;9.41;3.1;0;75;63
16;1;0;2014-03-28 16:00:00;9.43;3.1;0;75;72
17;1;0;2014-03-28 17:00:00;9.33;3.6;0;75;68
18;1;0;2014-03-28 18:00:00;9.23;2.6;0;75;78
19;1;0;2014-03-28 19:00:00;8.54;2.1;0;75;42
20;1;0;2014-03-28 20:00:00;8.16;1.5;0;0;11
21;1;0;2014-03-28 21:00:00;7.04;0.5;0;0;0
22;1;0;2014-03-28 22:00:00;5.77;0.5;0;20;0
23;1;0;2014-03-28 23:00:00;5.01;0.5;0;0;0
0;1;1;2014-03-29 00:00:00;3.75;0.5;0;0;0
1;1;1;2014-03-29 01:00:00;3.26;0.5;0;0;0
2;1;1;2014-03-29 02:00:00;2.74;0.5;0;0;0
3;1;1;2014-03-29 03:00:00;2.77;0.5;0;0;0
4;1;1;2014-03-29 04:00:00;2.52;0.5;0;0;0
5;1;1;2014-03-29 05:00:00;2.68;1.5;0;75;0
6;1;1;2014-03-29 06:00:00;2.24;1;0;0;0
7;1;1;2014-03-29 07:00:00;2.97;1.5;0;20;0
8;1;1;2014-03-29 08:00:00;4.4;1.5;0;75;0
9;1;1;2014-03-29 09:00:00;7.17;1.5;0;40;6
10;1;1;2014-03-29 10:00:00;9.3;1.5;0;20;29
11;1;1;2014-03-29 11:00:00;11.62;2.1;0;0;50
12;1;1;2014-03-29 12:00:00;13.66;3.1;0;0;53
13;1;1;2014-03-29 13:00:00;15.24;2.6;0;0;69
14;1;1;2014-03-29 14:00:00;15.73;2.6;0;0;65
15;1;1;2014-03-29 15:00:00;16.43;3.1;0;0;79
16;1;1;2014-03-29 16:00:00;16.62;3.6;0;0;83
17;1;1;2014-03-29 17:00:00;16.21;4.1;0;0;83
18;1;1;2014-03-29 18:00:00;14.85;3.6;0;0;78
19;1;1;2014-03-29 19:00:00;12.89;2.1;0;0;38
20;1;1;2014-03-29 20:00:00;11.7;1.5;0;0;25
21;1;1;2014-03-29 21:00:00;11.17;1.5;0;0;0
22;1;1;2014-03-29 22:00:00;10.52;2.1;0;0;0
23;1;1;2014-03-29 23:00:00;9.53;1.5;0;0;0
0;1;0;2014-03-30 00:00:00;9.05;2.1;0;0;0
1;0;0;2014-03-30 01:00:00;8.49;1;0;0;0
2;0;0;2014-03-30 03:00:00;7.47;0.5;0;0;0
3;0;0;2014-03-30 04:00:00;5.85;1;0;0;0
4;0;0;2014-03-30 05:00:00;5.85;1;0;0;0
5;0;0;2014-03-30 06:00:00;5.4;0.5;0;0;0
6;0;0;2014-03-30 07:00:00;4.63;1.5;0;0;0
7;0;0;2014-03-30 08:00:00;5.81;1.5;0;0;0
8;0;0;2014-03-30 09:00:00;8.63;3.1;0;0;0
9;0;0;2014-03-30 10:00:00;11.63;3.1;0;0;0
10;0;0;2014-03-30 11:00:00;14.02;4.1;0;0;0
11;0;0;2014-03-30 12:00:00;15.2;4.1;0;0;0
12;0;0;2014-03-30 13:00:00;17.72;4.1;0;0;0
13;0;0;2014-03-30 14:00:00;18.66;2.6;0;0;0
14;0;0;2014-03-30 15:00:00;19.13;2.6;0;0;0
15;0;0;2014-03-30 16:00:00;19.77;0.5;0;0;0
16;0;0;2014-03-30 17:00:00;19.48;1.5;0;0;0
17;0;0;2014-03-30 18:00:00;19.03;2.1;0;0;0
18;0;0;2014-03-30 19:00:00;17.49;3.6;0;0;0
19;0;0;2014-03-30 20:00:00;14.2;1;0;0;0
20;0;0;2014-03-30 21:00:00;12.17;1;0;0;0
21;0;0;2014-03-30 22:00:00;10.57;1.5;0;0;0
22;0;0;2014-03-30 23:00:00;9.03;0.5;0;0;0
23;0;0;2014-03-31 00:00:00;8.04;0.5;0;0;0
0;0;0;2014-03-31 01:00:00;7.31;0.5;0;0;0
1;1;0;2014-03-31 02:00:00;5.47;0.5;0;0;0
2;1;0;2014-03-31 03:00:00;4.88;0.5;0;0;0
3;1;0;2014-03-31 04:00:00;5.01;0.5;0;0;0
4;1;0;2014-03-31 05:00:00;4.38;0.5;0;0;0
5;1;0;2014-03-31 06:00:00;3.9;1;0;40;0
6;1;0;2014-03-31 07:00:00;5.56;1.5;0;20;0
7;1;0;2014-03-31 08:00:00;6.42;1.5;0;20;0
8;1;0;2014-03-31 09:00:00;9.4;2.1;0;0;8
9;1;0;2014-03-31 10:00:00;12.47;2.1;0;0;35
10;1;0;2014-03-31 11:00:00;13.94;2.1;0;0;45
11;1;0;2014-03-31 12:00:00;14.64;1;0;0;54
12;1;0;2014-03-31 13:00:00;15.79;2.1;0;0;53
13;1;0;2014-03-31 14:00:00;16.27;3.1;0;75;39
14;1;0;2014-03-31 15:00:00;16.5;4.1;0;75;49
15;1;0;2014-03-31 16:00:00;16.23;3.6;0;0;59
16;1;0;2014-03-31 17:00:00;16.06;3.1;0;0;55
17;1;0;2014-03-31 18:00:00;15.43;2.6;0;0;56
18;1;0;2014-03-31 19:00:00;13.97;2.6;0;0;40
19;1;0;2014-03-31 20:00:00;12.32;1.5;0;0;9
20;1;0;2014-03-31 21:00:00;10.67;1;0;0;0
21;1;0;2014-03-31 22:00:00;9.04;1;0;0;0
22;1;0;2014-03-31 23:00:00;7.52;1;0;0;0
23;1;0;2014-04-01 00:00:00;5.89;1;0;0;0
